"","Location","Sex","Age","Q1","Q2","Q3","Q4","Q5","Q6","Q7","Q8","Q9_1","Q9_2","Q9_3","Q9_4","Q9_5","Q9_6","Q9_7","Q9_8","Q9_9","Q9_10","Q17","Q18","Q19","Q20","Q21","Q22","Q23","Q27_1","Q27_2"
"1","Center","male","35-44",1,NA,1,1,1,0,0,0,0,-1,-1,-1,-1,-2,-2,1,0,-1,0,-1,-1,-1,-2,0,1,-1,NA
"2","Center","female","65+",-2,1,-1,0,0,-2,-1,-1,0,0,1,-2,-2,-2,1,1,-1,1,1,NA,-1,-2,1,NA,NA,0,-1
"3","Jerusalem","female","65+",0,1,-1,1,-1,1,-1,-2,-1,-2,0,-1,0,-1,0,NA,0,-1,-1,-2,0,1,-2,0,-1,0,0
"4","North","female","45-54",0,0,1,1,1,1,-1,1,1,-1,1,-2,1,-2,1,1,1,1,-1,1,0,-1,0,0,1,0,1
"5","Jerusalem","female","45-54",NA,NA,-2,1,NA,NA,-1,1,1,0,1,NA,NA,-1,1,NA,NA,1,-2,NA,-1,-2,1,0,NA,0,0
"6","North","male","65+",1,2,-1,1,1,1,-1,0,-1,-1,0,-2,-1,-2,0,1,0,-1,-1,0,-2,0,-1,-1,-2,-1,-1
"7","Tel Aviv","female","18-24",1,0,-2,1,1,1,-1,-2,0,1,1,0,0,-2,0,-2,1,0,-2,1,-2,-2,-1,1,1,1,0
"8","Center","female","18-24",0,1,-1,-1,0,-1,-2,1,0,NA,-1,NA,0,-1,0,-1,0,0,-2,0,0,-2,0,0,NA,NA,NA
"9","Tel Aviv","male","18-24",1,1,0,0,1,-1,1,0,1,1,0,0,0,-1,0,-1,NA,1,-1,1,-2,-2,1,-2,-1,0,NA
"10","North","female","18-24",0,1,-1,-1,0,-1,-2,-1,0,1,0,0,1,-2,1,-2,-1,1,-1,1,-1,NA,-2,1,1,-1,-1
"11","Center","male","18-24",2,-1,-2,NA,-2,-1,0,0,0,0,0,1,0,0,0,1,-1,-1,1,-1,-1,-2,-1,0,-1,1,0
"12","Haifa","male","18-24",2,2,1,1,1,-2,-2,1,1,1,0,-2,1,-2,0,-2,0,0,1,1,0,-2,1,0,-1,0,0
"13","Haifa","male","18-24",-2,2,-2,-2,-2,-2,-2,-1,1,1,1,-1,1,1,1,1,1,1,-2,-2,-1,1,-2,-1,-2,1,1
"14","Tel Aviv","female","18-24",-2,2,-2,1,1,-2,-2,1,1,1,1,1,1,-2,1,-1,1,1,-2,1,0,-2,0,0,1,1,0
"15","Jerusalem","female","18-24",1,2,0,-2,1,-2,-2,1,0,-1,0,-1,0,-2,-1,-2,-1,1,-1,1,-2,-2,1,-2,1,-1,-2
"16","South","male","18-24",2,2,0,1,1,1,-1,1,1,-2,-2,-2,-1,-2,-2,1,0,-2,1,-1,1,-2,1,1,-2,-2,-1
"17","Tel Aviv","female","18-24",-1,1,-1,-2,1,-1,-2,1,1,1,1,1,1,0,1,0,1,1,0,-2,0,0,0,1,1,1,0
"18","North","female","18-24",-1,2,-1,0,1,-1,-2,1,1,-2,-1,NA,-1,-2,-1,-2,NA,NA,-2,1,-2,-2,1,1,0,0,1
"19","South","male","18-24",2,2,-1,1,1,0,-1,0,1,0,0,1,0,-2,0,-1,-1,-1,-1,1,0,-2,1,0,-1,0,-1
"20","Judea and Samaria","male","18-24",2,2,0,1,1,0,-1,-1,0,-1,0,0,-1,-2,-1,-1,-1,-1,-1,-2,NA,0,0,0,-2,-1,0
"21","Judea and Samaria","female","18-24",0,1,-1,-1,1,0,0,0,0,0,0,-1,-1,-2,-1,-2,-1,-1,-1,-1,-2,-2,1,-1,0,-1,-1
"22","Judea and Samaria","male","18-24",-1,2,-2,-1,-1,-2,1,1,1,1,1,1,1,-1,1,NA,1,1,-1,0,0,-2,1,1,1,0,-1
"23","Jerusalem","female","18-24",0,1,0,1,1,0,-1,-2,1,-2,-1,-1,-1,-2,0,1,0,-1,0,0,0,0,-1,1,-1,-1,1
"24","Jerusalem","female","18-24",0,1,-2,-1,1,-1,-1,-2,1,-1,-2,-1,-1,0,-1,-1,-1,0,0,-2,-1,0,-1,1,1,-1,0
"25","Tel Aviv","male","18-24",-2,2,0,-2,1,-1,-2,1,1,1,1,-2,0,-2,0,-2,0,1,0,1,0,-2,1,-1,-1,0,0
"26","Center","female","18-24",1,2,-2,-1,1,-1,-1,1,1,-1,0,-1,1,-2,1,-2,-2,1,-1,0,0,-1,0,-1,0,-1,1
"27","Tel Aviv","female","18-24",-2,2,-2,-1,-1,-1,1,1,1,1,1,1,1,1,1,0,-1,1,-1,1,1,-2,1,1,1,1,0
"28","Judea and Samaria","female","18-24",1,1,0,0,1,-1,-1,0,0,-1,-1,NA,0,-2,-1,-1,0,NA,0,-1,-1,-2,0,0,0,-1,-1
"29","Center","male","18-24",1,2,-1,1,1,1,-1,1,1,0,0,1,-1,-2,-1,-2,-2,-1,1,1,-2,-2,-1,-2,-2,1,-1
"30","North","female","18-24",1,1,0,0,1,-1,-1,0,0,-2,-2,-2,-1,-2,-1,-1,0,0,1,-2,-2,-2,-1,0,-2,-1,-1
"31","South","female","18-24",-2,0,0,0,1,-1,-1,-1,-1,-1,0,-1,0,-1,0,-1,0,0,-1,-1,1,-1,0,1,-2,1,-1
"32","Tel Aviv","male","18-24",-1,1,-1,0,1,-1,-1,1,1,0,0,-2,0,-2,0,0,1,0,-1,-1,0,-1,0,-1,1,0,1
"33","North","male","18-24",1,2,-1,0,1,-2,-1,1,0,-1,-1,-2,-1,-2,-2,-1,-1,-1,-1,-1,-1,-1,NA,-2,-2,-1,-1
"34","Center","male","18-24",1,1,-1,0,1,-1,-1,-2,-1,-1,-1,-1,1,-1,1,1,1,1,-2,1,-1,0,-1,1,1,-1,1
"35","Center","male","18-24",0,2,0,0,1,1,1,-2,-2,-2,1,0,0,-2,-2,0,-2,-1,-1,0,-1,-2,1,-1,-1,0,0
"36","Center","female","18-24",0,2,-2,-1,-1,-2,-2,1,0,-1,1,-2,1,-2,1,1,0,1,-2,-2,-1,-2,0,1,0,-1,-1
"37","South","male","18-24",0,1,0,-1,1,-1,-1,1,-1,0,1,-2,-1,-2,-1,1,-1,1,0,1,-1,1,0,-1,1,-1,1
"38","South","male","18-24",0,1,-1,0,1,-1,-1,0,0,0,1,-2,0,-1,0,-1,0,1,-1,1,-2,-2,1,0,0,-1,1
"39","Tel Aviv","male","18-24",1,-1,-2,-1,1,-2,0,-1,-1,-1,1,NA,-1,0,-1,1,0,-2,-2,0,1,-1,0,1,1,1,1
"40","Center","female","18-24",1,NA,0,0,1,0,-1,1,-1,-2,0,-1,-1,0,-2,1,1,1,0,0,1,0,0,0,-1,-2,-1
"41","South","female","18-24",0,1,-1,-1,1,-2,-1,-1,0,1,-1,0,0,0,0,0,1,0,0,-2,-2,-2,1,1,1,0,0
"42","South","male","18-24",0,2,-1,0,0,1,-2,1,1,1,0,-2,0,-2,1,1,1,1,-2,1,0,-2,1,1,1,1,1
"43","Jerusalem","male","18-24",1,1,-1,-1,1,-2,0,-2,0,1,1,-2,0,-2,-1,-1,1,1,1,-2,1,1,1,1,NA,1,1
"44","Center","female","18-24",0,0,0,0,1,0,-1,1,0,-1,0,-2,0,-1,-1,0,0,0,0,0,-1,-2,0,-2,-2,-1,-1
"45","Center","female","18-24",0,1,-1,-2,1,-2,0,1,1,-2,-1,-1,-1,-2,-2,-2,1,1,-2,1,-2,-1,0,-1,-1,-1,1
"46","Tel Aviv","female","18-24",-2,0,0,-1,1,0,0,1,0,0,1,-2,1,-2,-1,-1,0,0,-2,0,0,-2,1,1,-1,-1,-1
"47","South","male","18-24",1,2,0,1,1,-1,0,1,0,0,0,-1,-1,0,-1,0,-1,-2,0,1,0,-2,0,-1,-1,0,-1
"48","Tel Aviv","male","18-24",0,0,-1,-2,0,0,0,1,0,-1,-2,1,-1,-2,0,-1,0,0,0,-1,0,-2,0,-2,1,-2,-1
"49","Haifa","male","18-24",0,1,0,0,1,-2,-1,1,0,1,1,-2,-2,-2,-2,-2,-2,-1,-2,1,-1,-2,1,-1,1,1,-1
"50","South","female","18-24",-2,-1,-1,0,1,1,-2,0,1,-1,1,-2,1,-2,1,1,1,1,-2,-2,-2,-2,1,-1,1,1,1
"51","Center","male","18-24",1,1,0,0,1,1,-1,-2,0,-2,0,-2,0,-2,0,0,-1,-1,-1,-1,-2,-1,0,-1,0,-1,-2
"52","South","male","18-24",0,2,-2,0,1,1,-2,1,1,-1,0,-2,1,-2,-1,1,1,-1,-2,1,0,-2,-2,1,0,1,-1
"53","Jerusalem","male","18-24",1,2,-1,0,1,0,-1,-1,1,-2,0,-2,1,-2,0,1,0,0,-1,-1,-1,-1,-1,0,0,1,0
"54","North","female","18-24",0,1,-2,0,1,-1,-1,1,0,NA,NA,NA,0,-2,0,1,NA,0,-2,1,-2,-2,-1,1,1,0,1
"55","Haifa","male","18-24",-2,1,-2,0,0,0,-1,-2,0,0,0,-1,-1,0,1,1,0,0,0,-1,-1,-1,0,0,1,0,0
"56","Center","female","18-24",0,1,-1,0,1,1,-2,-1,NA,0,0,-2,-1,-2,0,1,-1,-2,-1,-1,-2,-2,NA,-1,0,0,1
"57","Judea and Samaria","female","18-24",0,2,-1,-2,-1,-1,-1,0,0,-1,-2,-1,0,-2,0,1,-1,0,0,-1,-2,-2,0,0,1,0,0
"58","Center","female","18-24",1,2,0,0,1,0,-1,0,-1,-2,-1,-2,-1,-2,-1,0,0,0,0,0,-2,-2,-1,-1,-2,-1,-1
"59","Haifa","female","18-24",0,1,-1,0,0,-1,-1,0,0,-2,0,-2,0,-2,0,0,-2,0,0,-2,-2,0,0,-1,-2,-1,-1
"60","Haifa","female","18-24",1,1,-1,1,1,-1,0,-1,1,-2,1,-2,-2,-2,0,1,1,1,-1,-2,1,1,-2,-2,1,1,1
"61","Center","male","18-24",1,1,-1,0,1,0,-1,0,-1,-1,0,0,0,-1,0,1,0,0,0,-1,-2,0,-2,-1,0,0,0
"62","Tel Aviv","male","18-24",-2,1,-2,1,-2,0,-2,0,1,1,1,-2,0,-2,0,1,0,0,0,-1,-1,-1,0,0,1,-1,0
"63","Center","male","18-24",0,0,-1,1,1,0,-1,1,0,-1,-1,-2,-1,-2,-1,-1,-1,-1,-1,1,-2,-2,1,-2,-2,-1,-1
"64","North","male","18-24",0,1,-2,0,-1,1,-1,-2,0,-1,0,0,0,-1,0,0,0,0,-1,-2,-2,-1,-1,-1,-1,-1,0
"65","South","male","18-24",1,2,-1,0,0,0,0,0,0,-1,0,-1,-1,-2,0,1,1,1,-1,-1,-2,NA,NA,-2,-2,0,0
"66","Center","female","18-24",0,1,-1,-1,-1,0,-1,-2,1,0,0,1,1,0,1,1,1,1,-2,-2,-2,1,-2,0,1,1,0
"67","Jerusalem","male","18-24",0,2,-1,-1,1,-1,-2,1,-1,-2,-1,NA,-1,-2,-1,0,-2,1,-1,1,-2,-2,0,0,0,0,0
"68","Center","male","18-24",0,0,-1,-1,1,1,-1,1,0,0,1,-1,0,-1,-1,NA,-1,1,-2,0,-1,-2,1,-1,1,-2,NA
"69","North","female","18-24",-1,0,-1,0,-1,-1,-1,0,-1,-1,0,-1,0,1,-1,0,-1,0,0,-1,-2,-2,1,1,0,0,0
"70","Haifa","male","18-24",1,2,-1,1,-1,0,-2,1,1,-1,-1,NA,-1,-2,-1,1,1,NA,-1,0,-1,-2,1,1,0,-1,1
"71","Haifa","female","18-24",0,1,-1,0,1,-1,0,0,-1,0,1,-2,-1,-2,0,0,0,-1,-1,1,-2,-1,0,-1,-1,-1,-1
"72","Center","female","18-24",0,1,0,1,1,0,-1,-1,0,-1,-1,-2,-1,-2,-1,0,0,0,-1,-1,-1,-1,-1,-1,-1,-1,-1
"73","North","male","18-24",1,1,-1,0,1,1,-1,-1,-2,-2,0,-2,-1,-1,0,0,-1,-1,-1,-1,-2,0,-1,-1,-1,-1,-2
"74","Haifa","male","18-24",-2,0,0,-2,-1,-1,-2,1,0,0,1,-1,-1,1,0,0,-1,0,0,-1,1,-1,0,-1,1,1,0
"75","Center","male","18-24",0,2,-1,0,1,0,-1,-1,-1,-2,0,-1,0,0,0,1,NA,0,0,-2,-2,1,-2,1,-1,0,NA
"76","Tel Aviv","female","18-24",0,2,-2,0,1,-2,-1,1,-1,-1,0,-2,1,0,0,0,-1,1,-2,1,0,-2,1,-1,-1,0,-1
"77","North","female","18-24",0,1,-1,1,1,0,0,NA,-1,0,0,-2,0,-2,-1,1,1,0,0,1,-2,0,-1,1,1,0,1
"78","Center","male","18-24",0,1,-2,0,-1,0,-1,-1,-1,-1,1,-2,0,0,1,1,1,0,-1,-2,0,1,-2,-1,0,0,-1
"79","Tel Aviv","female","25-34",0,2,NA,-1,1,-1,NA,1,1,1,1,1,1,0,1,-1,NA,NA,-2,-2,-2,NA,1,-2,NA,NA,NA
"80","Haifa","male","25-34",1,2,-2,1,1,0,-2,0,1,1,-1,-2,1,-2,1,-2,0,1,-2,1,-2,-2,1,0,1,0,0
"81","Haifa","female","25-34",0,1,-1,0,0,0,-1,-1,1,0,-1,-1,0,-1,0,0,-1,0,-2,0,-1,-2,0,1,0,-1,-1
"82","Judea and Samaria","female","25-34",-2,2,-2,0,-2,0,-2,1,1,1,1,1,1,1,1,-1,0,1,-2,1,1,-2,1,-2,1,-1,1
"83","South","female","25-34",0,NA,-1,NA,1,0,1,0,1,0,0,0,0,-2,0,-2,-2,-2,0,0,-1,-1,0,-1,-2,-2,-2
"84","Jerusalem","female","25-34",1,1,-1,-2,1,-1,-2,1,NA,NA,0,-1,1,-2,1,-1,-1,NA,-1,0,1,-1,0,-1,0,0,-1
"85","Tel Aviv","male","25-34",-1,1,-2,-1,-1,1,-1,-2,1,1,0,0,0,0,1,-1,1,1,-2,-1,-2,-2,-2,0,0,0,-1
"86","Judea and Samaria","female","25-34",0,2,-2,-2,-2,1,-2,-2,1,1,0,NA,1,-2,1,-2,0,1,-2,1,-1,-2,1,0,1,0,0
"87","Jerusalem","female","25-34",-1,2,-2,0,-1,0,-2,1,1,1,0,NA,1,0,0,-1,-1,NA,-1,-2,1,-2,-1,-2,1,0,0
"88","Center","female","25-34",-2,-2,-1,-1,-1,-1,-2,1,1,1,-1,-1,-1,-2,-1,-2,-2,-1,-1,-1,NA,-1,0,0,1,0,-2
"89","North","female","25-34",-2,1,-2,-2,-1,-1,-2,1,1,1,1,0,1,1,1,0,0,1,-2,1,0,-2,1,1,0,1,-1
"90","Center","female","25-34",-1,0,-2,0,-1,-1,-1,1,1,1,0,1,1,-1,1,1,1,1,-2,0,-1,-2,1,1,1,0,1
"91","Center","female","25-34",1,1,NA,-1,-1,-2,-1,1,1,1,0,1,1,-1,1,1,1,1,0,-2,-1,-1,0,-1,-1,0,-1
"92","Jerusalem","male","25-34",0,2,-2,NA,-2,1,-2,1,0,1,-1,NA,1,0,1,-1,-2,1,-2,1,1,-2,1,1,1,-1,1
"93","Jerusalem","female","25-34",0,2,-2,0,1,-1,-2,0,1,1,-1,-1,1,-1,1,1,-1,1,-2,-2,-2,-2,1,1,1,1,-1
"94","South","male","25-34",2,2,-1,1,1,0,-2,-1,1,1,-1,1,1,-2,1,-2,0,0,-1,-2,-1,-2,1,1,-2,-1,1
"95","South","male","25-34",1,2,-2,0,1,1,-1,-2,1,1,0,0,-1,-1,1,-1,-2,1,0,1,1,-2,1,1,1,0,0
"96","Tel Aviv","male","25-34",2,2,-1,-1,-2,1,-1,1,0,1,-2,-2,-1,-1,0,-2,-2,0,-2,-2,-2,-2,-2,1,1,0,-2
"97","North","male","25-34",-1,0,-1,1,NA,1,1,0,0,1,0,NA,-1,-2,-1,1,-1,NA,0,-1,NA,NA,0,-1,-1,-1,-1
"98","Jerusalem","female","25-34",-1,1,-1,-1,0,-1,-2,-1,0,-1,-1,-2,0,-2,1,0,-1,NA,-1,-2,-2,-1,0,-1,-1,-1,0
"99","North","female","25-34",2,2,0,1,1,0,0,1,0,0,0,-1,1,-2,-1,-1,1,-1,0,0,0,-2,-1,1,0,NA,-1
"100","North","female","25-34",1,0,-1,0,0,-1,-2,-1,1,0,0,-2,1,-1,0,-1,-1,1,-1,-2,-1,-2,NA,-2,0,-2,-2
"101","Center","female","25-34",0,2,0,1,1,0,-2,1,-1,0,-1,1,-1,-2,0,-1,0,0,-1,0,1,-1,0,-1,1,-1,-1
"102","North","female","25-34",0,2,-2,-1,0,0,-2,-2,1,0,1,-1,-2,-2,-2,1,-1,-1,-1,-1,-2,0,1,-2,-1,0,0
"103","Jerusalem","female","25-34",1,1,0,0,1,0,-1,-1,1,-1,0,1,-1,-2,-1,-1,0,0,0,0,-1,-2,1,-1,-1,-1,-1
"104","South","male","25-34",0,1,0,0,1,-1,-1,-2,-1,-1,-1,-1,0,-1,-1,-1,0,1,-2,1,-2,-2,0,-1,0,0,-1
"105","Center","female","25-34",0,0,-1,1,1,0,0,1,0,0,-1,0,-1,-2,-1,-2,0,0,0,1,0,-2,1,0,1,-1,1
"106","South","male","25-34",1,2,0,1,1,1,NA,1,0,0,-2,0,1,-2,0,-2,-2,0,-2,1,1,-2,0,-1,-1,-1,-1
"107","North","male","25-34",0,1,-1,0,1,1,-1,-1,0,-1,0,-1,-1,-2,-1,-1,0,0,1,-1,-2,-1,0,-2,0,-1,-1
"108","North","male","25-34",1,0,0,1,0,0,-1,-1,0,-1,0,-1,-1,-1,-1,-1,0,-1,0,-1,-1,-2,1,-1,-2,0,-1
"109","South","male","25-34",1,1,-1,1,1,0,-1,-1,0,-1,0,-1,0,-2,-1,-1,0,0,0,-2,-2,-2,-1,0,-1,0,0
"110","Judea and Samaria","female","25-34",1,1,-1,0,0,0,-1,-1,0,-1,0,-1,0,-1,0,0,1,0,-1,-2,-1,-1,-1,1,0,0,0
"111","Center","female","25-34",2,1,0,NA,1,-1,-1,1,NA,NA,NA,NA,NA,NA,NA,NA,NA,NA,-1,1,-2,-2,1,NA,0,NA,NA
"112","Haifa","male","25-34",1,1,0,1,1,0,-1,-1,-1,-2,0,-1,0,-2,-1,0,-1,0,-1,-1,-2,0,-1,0,-2,0,0
"113","Center","female","25-34",-2,1,-1,0,0,-1,1,-2,-1,-1,0,-1,0,-2,0,0,0,0,0,-1,1,0,0,-2,1,-1,-1
"114","North","male","25-34",0,0,-1,-1,1,1,1,1,0,1,1,-2,0,-2,0,1,1,-2,0,1,0,-2,1,NA,1,1,-2
"115","Haifa","female","25-34",1,1,-1,-1,1,0,-2,0,0,0,0,1,0,-2,0,1,1,0,NA,-2,-1,-2,1,-2,-2,-1,0
"116","Center","female","25-34",2,2,1,1,1,-2,-2,0,-1,NA,-2,-2,-1,-2,-2,-2,NA,-1,1,1,-2,-2,1,0,0,-1,-1
"117","Center","female","25-34",-2,2,-2,-2,1,1,1,0,-2,-1,-1,-2,0,-2,-1,-2,0,0,-1,NA,-1,-2,-1,0,1,1,1
"118","South","female","25-34",-1,2,-1,0,1,1,-2,1,-1,-1,0,-1,1,-2,0,-1,0,1,-2,0,-1,-2,1,0,0,0,0
"119","South","female","25-34",1,1,-1,0,1,-1,0,1,-1,0,1,-1,0,-1,0,-1,0,0,-1,-1,-2,-2,0,NA,0,-1,-1
"120","South","male","25-34",-1,0,-2,1,1,0,1,0,0,0,1,-2,0,-2,0,-2,0,0,1,1,0,-1,1,-1,1,0,-1
"121","South","female","25-34",1,2,0,1,1,-1,0,1,-1,-1,-1,-1,-1,-1,-1,-1,-1,-1,-1,-1,-1,0,0,-1,0,-1,-1
"122","Center","male","25-34",0,1,-1,0,1,0,-1,1,1,0,0,-1,1,-1,1,0,-1,0,-1,1,0,-1,0,0,1,-1,NA
"123","South","male","25-34",-2,1,-2,-1,1,0,-2,1,0,0,0,0,0,-1,0,-1,1,1,-2,0,-1,-2,0,0,1,1,0
"124","North","female","25-34",-1,0,-1,1,0,0,-2,-1,0,-1,0,0,0,-1,1,0,0,1,-2,1,-2,0,-1,-1,0,0,0
"125","Jerusalem","male","25-34",0,1,-1,0,1,1,-1,1,1,-1,0,-1,0,-2,0,NA,1,-1,-2,-1,-2,NA,0,0,0,-1,-1
"126","South","male","25-34",1,1,-1,1,1,0,-1,0,0,-2,-1,-1,-1,-1,-1,-1,0,0,-1,1,-1,-1,0,1,-1,-1,-1
"127","Tel Aviv","male","25-34",2,2,1,1,1,-2,1,1,0,-2,-2,-2,0,-2,1,0,0,1,-2,1,-2,1,-2,1,1,-1,-2
"128","Jerusalem","female","25-34",1,1,0,1,1,0,-1,1,1,-2,-1,-2,-1,-2,-2,-1,1,0,-1,1,-2,-2,-1,-1,-2,0,-1
"129","Center","male","25-34",0,0,-1,0,1,0,-2,1,0,0,0,-1,0,-2,0,-1,-1,0,1,-1,-2,-2,1,0,0,0,-1
"130","Center","female","25-34",0,1,0,1,1,0,0,-1,0,-2,-1,-2,-1,-2,-1,-1,-2,-1,0,0,-2,0,-1,-2,-2,-1,-1
"131","Tel Aviv","male","25-34",1,0,-1,-2,1,1,-1,NA,0,NA,0,-1,0,-2,0,-2,-1,0,-1,-2,0,-1,0,1,-1,NA,-1
"132","Tel Aviv","female","25-34",1,-1,-2,NA,1,0,-2,-1,-1,0,1,1,0,-2,-1,-1,-1,-2,-2,-1,-2,-2,1,0,1,1,-2
"133","Tel Aviv","male","25-34",0,2,0,-1,1,-1,-2,-1,-1,-1,0,-2,0,-2,0,-1,-1,-1,0,-1,0,0,-1,0,-1,-1,-1
"134","South","male","25-34",1,2,0,1,1,0,-1,0,-1,-1,0,-2,-1,-2,-1,-1,0,NA,0,-1,-2,0,-1,0,-2,-1,-1
"135","South","female","25-34",0,1,-1,1,1,0,-1,0,0,-1,-1,-2,0,-2,-1,-1,-1,0,0,1,-1,-1,0,0,0,-1,0
"136","Center","female","25-34",0,0,-1,-1,0,-1,-1,-1,1,-1,0,-1,0,-1,0,0,0,0,-2,-1,-1,-1,-1,-1,-1,0,0
"137","Center","male","25-34",2,2,0,1,1,1,0,-2,0,-2,-1,-1,-1,-2,-2,0,1,0,0,-2,-2,-1,-2,0,-2,NA,1
"138","South","male","25-34",1,2,-1,1,1,1,-1,1,1,-1,-2,-2,-1,-2,-1,0,0,-1,1,-2,-2,NA,NA,-1,-2,-2,-2
"139","South","male","25-34",1,1,0,-1,1,-1,-2,1,0,NA,0,1,0,-2,0,NA,-1,1,-1,1,1,-2,1,-1,1,0,0
"140","Center","male","25-34",1,1,0,1,1,0,-1,1,0,-2,-1,-2,-1,-2,-1,-1,0,-1,0,1,-1,-2,-1,-1,-1,-1,-1
"141","Judea and Samaria","female","25-34",-2,0,-2,-2,1,1,1,1,-1,0,1,1,1,-2,1,-2,1,1,-2,1,NA,-2,1,1,1,1,1
"142","Haifa","male","25-34",2,2,0,1,1,0,-1,1,0,0,-1,-1,0,-2,-1,0,0,1,-2,0,-1,-2,1,-1,0,0,0
"143","North","male","25-34",1,0,0,0,1,-1,-1,1,0,-1,1,-1,0,-2,-1,0,0,0,-1,1,-2,-2,1,1,1,1,0
"144","Jerusalem","female","25-34",0,0,NA,-2,0,-2,-2,NA,0,-2,-2,-1,-1,-2,-1,1,-1,-2,-1,-1,-1,-1,0,0,0,-1,1
"145","Jerusalem","female","25-34",0,0,-1,0,1,0,-1,1,-1,-1,-1,-1,0,-2,0,0,-1,1,-2,1,0,-2,1,1,1,-1,-1
"146","Tel Aviv","male","25-34",1,1,0,-1,0,1,NA,0,-1,0,0,-1,-1,-2,-2,NA,0,0,0,-1,-1,-2,-1,-1,-1,0,-1
"147","Haifa","female","25-34",1,2,-1,-1,-1,-2,-1,1,0,0,0,NA,0,-1,0,-1,-1,NA,-1,-1,0,-2,0,-1,0,1,0
"148","Tel Aviv","female","25-34",1,1,-1,0,1,0,-1,0,1,-1,1,-1,0,-2,0,0,-1,NA,-1,0,-1,-1,0,0,-1,-2,NA
"149","Tel Aviv","female","25-34",-2,2,-2,-2,0,0,-2,1,-1,-2,1,1,1,-1,1,-1,1,1,-2,1,1,-1,1,1,1,1,-1
"150","Center","female","25-34",1,0,0,0,0,0,0,0,-1,-1,-1,-1,-1,-1,-1,NA,-1,-1,-1,1,-2,-1,-2,-2,0,-1,-1
"151","Haifa","male","25-34",1,1,-1,1,1,0,-1,1,0,-2,-1,-2,-1,-2,-1,-1,0,0,0,-1,-2,-1,-2,-1,-2,0,-1
"152","Center","female","25-34",0,1,-1,0,-1,-1,-2,-1,1,0,0,1,0,0,1,1,0,1,-1,1,NA,-2,0,NA,0,0,1
"153","Center","male","25-34",1,1,0,1,1,0,-1,1,0,-1,-1,-1,-1,-1,-1,0,0,0,0,0,-2,0,-2,-1,-2,0,-1
"154","Tel Aviv","male","25-34",0,1,0,1,0,1,-2,1,0,-1,-1,NA,-1,-2,-1,-1,-1,0,-2,1,-2,NA,1,0,1,-1,NA
"155","Jerusalem","female","25-34",0,1,-1,1,0,-1,-1,1,0,-1,0,-2,0,-2,0,1,1,1,1,-2,1,-2,-1,0,1,0,-1
"156","Tel Aviv","female","25-34",-1,0,-2,0,-1,1,1,-2,-1,-1,1,-1,0,0,0,0,0,1,-2,-2,-1,1,-2,-1,1,0,-1
"157","Jerusalem","female","25-34",-1,0,-2,1,-1,1,-1,-1,-1,-2,-1,-1,0,-1,1,0,1,1,0,-2,0,1,-1,-1,-1,-1,0
"158","Haifa","female","25-34",1,1,0,0,0,0,-1,-1,-1,-1,-1,-1,0,-1,-1,0,0,-1,-1,0,-1,-1,0,-1,1,-1,-1
"159","Haifa","female","25-34",1,1,0,1,1,0,-1,-1,0,-1,-1,-1,1,0,0,0,-1,0,-1,0,-2,-2,0,0,0,-2,-1
"160","Center","male","25-34",NA,NA,0,0,1,-1,-2,-2,0,0,0,0,1,-2,1,1,0,1,-2,-2,-1,-1,1,0,1,-1,-1
"161","Center","female","25-34",1,2,0,0,1,1,-1,0,1,0,0,1,0,-1,1,1,1,1,-1,-1,0,0,-1,0,-1,1,-1
"162","Center","female","25-34",0,1,-2,0,1,0,-1,-1,-1,-1,-1,-2,0,-2,0,-1,-1,0,-1,-1,0,-2,0,0,0,-1,0
"163","Jerusalem","male","25-34",1,1,-1,0,1,0,1,-1,-2,-1,-1,-2,-1,-2,-1,1,1,-1,0,-1,0,0,-1,0,-1,1,1
"164","Tel Aviv","male","25-34",1,-2,-2,0,-2,1,-2,-2,0,-1,1,-2,-2,1,1,1,1,1,-1,-1,-2,0,-1,-2,-1,0,0
"165","Jerusalem","male","25-34",1,1,0,0,1,-1,-1,1,0,-1,-1,-1,0,-1,0,0,-1,0,-1,-2,-1,-2,1,0,-1,-1,-1
"166","South","female","25-34",0,1,-1,0,-1,0,-1,-2,-1,-2,0,-2,0,-2,1,1,1,NA,-2,-1,-2,0,-2,0,0,0,0
"167","South","male","25-34",0,0,0,1,1,0,-1,-2,-2,-2,-2,1,-1,-2,-1,1,-2,-1,-2,0,-2,-2,-1,-1,0,-1,1
"168","South","male","25-34",-2,0,-1,NA,-1,NA,-2,NA,NA,NA,NA,NA,NA,NA,NA,NA,NA,NA,-1,NA,1,-1,0,-1,-2,NA,NA
"169","Tel Aviv","female","25-34",1,1,-1,1,1,0,-2,NA,0,-2,-1,-2,-1,-1,-1,NA,0,NA,0,0,-2,1,-2,-2,-2,NA,-1
"170","Tel Aviv","female","25-34",0,1,-2,1,1,1,-2,-1,1,-2,0,-2,-1,0,1,1,1,1,-2,-2,NA,1,-1,1,NA,0,-1
"171","North","male","25-34",0,1,-1,1,-1,-1,-1,-1,-1,-2,0,0,1,-1,0,1,0,-1,-2,-2,-1,-1,-1,0,-1,-1,-1
"172","Tel Aviv","female","25-34",0,1,-2,0,1,0,-1,-2,-1,-2,-1,-2,-1,-2,-1,NA,0,-1,-2,-2,-2,0,-2,-1,0,-1,0
"173","Center","male","25-34",0,2,-2,-2,1,-1,-2,-2,0,-1,-1,-2,1,-2,-1,0,0,-1,-2,NA,-2,-2,-1,-2,-2,1,1
"174","Jerusalem","male","25-34",1,1,-1,0,0,1,-1,-1,-1,-2,-1,-1,0,-1,0,1,-1,-1,0,-2,-2,0,-2,-1,-2,-1,-1
"175","North","male","25-34",-1,0,-2,1,1,-1,-2,-2,1,-2,-2,-2,-1,-2,-1,0,1,0,-2,-2,-2,-2,1,1,1,0,-2
"176","North","male","25-34",0,0,-1,0,0,0,-1,-1,-1,0,0,-1,-1,0,-1,-1,0,-1,0,-1,-1,-1,-1,-1,0,0,-1
"177","Center","female","25-34",0,1,0,0,1,-1,-1,1,0,-1,0,-2,0,-2,-1,0,0,0,-2,-2,-2,-1,0,-2,0,0,-1
"178","North","male","25-34",0,1,-2,-1,1,-1,-1,-2,0,-2,-1,-1,0,-2,-1,NA,-1,0,1,0,-2,-2,-2,-2,0,-1,-1
"179","Center","male","25-34",1,2,-1,0,1,1,-1,-2,-2,-2,-1,-2,1,-2,-1,1,1,1,-2,-2,1,1,-2,1,0,-1,-1
"180","South","female","25-34",1,1,0,1,1,0,-1,1,0,-2,0,-2,-1,-2,-1,0,0,0,-1,0,-2,-1,-1,-1,-1,0,-1
"181","North","female","25-34",-2,0,-2,0,-2,1,-2,1,0,1,1,1,1,-2,1,1,-1,-1,-2,0,-1,-2,1,1,1,-1,1
"182","North","male","25-34",-2,1,-2,0,1,-1,-1,-2,-2,-1,-1,-2,1,-2,0,1,0,0,-2,1,-2,-1,-2,1,-1,-2,0
"183","North","female","25-34",0,1,-2,0,0,-1,-2,1,0,-1,-1,0,0,-1,0,1,0,0,-2,0,-1,-1,-1,1,1,-1,0
"184","Center","female","25-34",0,2,-1,-2,-2,-2,-1,1,0,0,1,1,1,-2,1,1,0,0,-1,0,-1,0,0,1,0,-1,-1
"185","Center","female","25-34",-2,-2,-2,-1,0,0,1,1,0,-1,1,-1,1,NA,1,0,-2,1,-2,1,-1,-2,1,1,1,1,1
"186","Tel Aviv","male","25-34",0,1,-1,1,1,-1,-1,1,-1,-2,-1,-2,0,-2,0,-1,0,0,-1,-1,-2,-1,0,-1,1,0,-1
"187","Center","female","25-34",-2,-1,-2,1,0,0,-2,-2,0,0,0,1,-1,-2,1,1,1,1,-2,0,-1,-1,0,0,1,0,1
"188","Jerusalem","male","25-34",-2,0,-1,-2,-1,-2,-2,0,1,1,1,0,1,-2,1,1,0,0,-2,1,NA,-2,NA,1,1,1,1
"189","Haifa","female","25-34",1,2,-1,0,0,0,-1,0,-2,-2,-1,-2,-1,-1,0,1,-1,-1,-1,-2,-1,-1,0,-1,-2,-1,-1
"190","Tel Aviv","male","25-34",1,2,-2,1,1,-2,NA,1,0,0,1,0,-1,-2,1,-1,0,-2,-2,1,-2,-2,1,0,1,0,-1
"191","South","female","25-34",-1,0,-1,0,-2,-2,-1,0,0,1,0,-1,1,-1,1,1,0,0,-2,-2,-1,-1,-1,-2,-1,0,1
"192","Jerusalem","male","25-34",0,0,0,0,1,1,-1,1,0,0,0,-1,1,-2,0,-1,1,-1,-1,NA,-1,-1,0,-1,0,1,-1
"193","South","female","25-34",1,0,-1,1,1,-1,-1,1,-1,-2,-1,-2,-2,-2,-1,-1,0,0,-1,0,-2,0,-2,-2,0,-1,-1
"194","Tel Aviv","male","25-34",-1,0,-2,1,1,0,-2,-1,0,-2,-2,-2,0,-2,0,NA,-1,-1,-1,-2,0,-1,-2,1,-1,-2,NA
"195","Tel Aviv","female","25-34",0,2,-1,1,-1,0,-2,0,0,-1,0,-1,0,-1,0,0,0,0,-1,0,-2,NA,0,-2,1,-1,0
"196","Jerusalem","male","25-34",0,1,-2,0,1,0,-2,-1,0,-1,1,-2,0,-1,0,1,0,0,-1,-1,-1,-1,0,0,0,1,1
"197","Tel Aviv","female","25-34",1,1,0,1,1,-1,-1,-2,0,-2,-1,-2,-1,-1,-1,1,0,-1,0,-2,-2,1,-2,1,1,-1,-1
"198","North","male","25-34",1,1,0,0,1,0,-1,1,1,0,1,0,-1,-1,-1,1,1,0,-1,0,-1,-2,1,-1,-2,0,-1
"199","Haifa","male","25-34",2,2,1,1,1,-1,0,0,-1,-2,-2,-2,-2,-2,-2,-2,-2,-2,1,-2,-1,-1,0,-1,0,-1,-1
"200","Center","male","25-34",1,1,-1,0,1,-2,1,-1,1,-1,0,-2,0,-2,0,NA,0,0,-2,-2,-2,-2,0,0,0,0,-1
"201","North","male","25-34",0,1,-2,0,-1,-2,-1,-2,0,-1,0,-1,0,-1,1,0,0,0,-2,-2,-1,1,-2,-2,1,0,1
"202","Tel Aviv","male","35-44",0,0,-2,1,1,1,NA,1,1,-1,1,-2,-1,-1,0,1,-1,-1,-2,0,-1,-2,-2,1,-1,0,-1
"203","North","male","35-44",1,1,NA,1,1,-2,NA,1,-1,-1,-1,1,-1,-1,-1,-1,-1,-1,-2,1,1,-2,1,1,NA,-1,-1
"204","Haifa","female","35-44",0,1,-2,0,-2,0,-1,-1,1,1,0,1,1,0,1,0,0,1,-1,-2,1,-2,1,-1,-1,0,-1
"205","Tel Aviv","female","35-44",-2,1,-2,NA,NA,-1,-1,1,1,1,0,1,1,NA,1,1,1,1,1,1,1,-2,1,1,1,0,1
"206","South","female","35-44",-1,0,-2,-1,0,-1,0,1,-1,NA,0,-1,0,0,0,-1,-2,1,-2,1,-1,-2,1,-2,-1,NA,-1
"207","South","female","35-44",-1,1,-2,0,0,0,-2,1,1,0,0,-1,0,-1,0,-1,-1,0,0,1,-2,-2,0,-1,0,0,-1
"208","North","female","35-44",-2,2,-2,-2,-1,1,1,1,0,1,-1,-1,1,0,1,-2,-1,1,-2,NA,1,-1,-1,-1,-2,-2,1
"209","Jerusalem","female","35-44",-2,2,-2,-2,-2,-2,-2,-1,1,1,0,NA,1,1,1,0,0,1,-2,-1,0,-2,1,1,1,1,-1
"210","North","female","35-44",0,0,-2,1,1,-1,-1,1,1,1,-1,-1,-1,-1,0,0,0,0,-2,0,1,-2,0,0,1,NA,-1
"211","Center","female","35-44",-1,2,-2,-1,-2,-1,-1,1,1,1,0,1,0,0,1,-1,-1,1,-1,0,1,-2,1,0,1,-1,-2
"212","Tel Aviv","female","35-44",-1,1,-1,-1,-2,-1,-2,1,1,0,0,-1,1,-1,1,-1,-1,-1,-1,0,-1,-2,0,-1,1,-1,-2
"213","Haifa","female","35-44",0,1,-1,NA,1,0,-1,1,1,0,0,0,0,-1,0,-1,0,0,-2,1,0,-2,1,-1,1,-1,0
"214","North","female","35-44",-2,2,-2,1,1,-2,-2,NA,1,0,0,NA,1,-2,1,-1,0,1,-2,-2,-1,-2,-1,-1,0,-2,-1
"215","Jerusalem","male","35-44",0,2,-2,0,0,0,-2,NA,1,1,0,-1,-1,-2,0,0,-1,1,-2,1,0,-2,1,-2,1,NA,NA
"216","Jerusalem","female","35-44",1,1,0,0,-1,-1,-1,1,0,1,-1,0,0,-1,0,-1,-1,0,NA,-1,0,-1,NA,-1,-1,-1,-1
"217","Center","female","35-44",0,1,-1,0,0,-1,-1,-2,0,-2,-1,-1,0,-1,0,0,0,0,-1,-2,-2,0,-1,0,-2,-1,-1
"218","Center","male","35-44",2,1,1,1,1,1,0,1,0,0,0,0,0,-2,-1,-2,1,1,0,0,-1,-2,1,-2,0,-1,1
"219","South","male","35-44",0,1,-2,-1,0,1,-2,-2,0,0,0,0,0,0,0,0,0,0,-1,0,-1,1,-2,1,-2,0,0
"220","North","female","35-44",1,0,0,0,1,0,-2,1,1,-1,-1,-1,-2,-2,-1,-2,-1,-2,-1,1,-1,-2,-1,-1,0,-2,-2
"221","North","female","35-44",2,2,-2,-2,1,-2,-1,1,0,0,-2,NA,1,-1,1,-2,1,1,-2,-2,-1,-2,0,0,1,-1,1
"222","Tel Aviv","female","35-44",2,2,-2,0,1,-1,-2,1,1,0,0,1,0,-1,0,NA,-1,0,-2,1,0,-2,1,-2,0,NA,NA
"223","North","female","35-44",0,0,-2,0,1,0,0,-1,0,-2,-1,-2,1,-2,1,0,1,1,-2,-1,-1,-2,1,-1,1,-1,0
"224","Jerusalem","female","35-44",1,1,0,1,1,1,-1,-1,0,-1,-1,0,-1,-1,-1,0,-1,0,-1,1,-2,-1,0,-1,-2,-1,-1
"225","Center","female","35-44",1,1,-1,1,1,-1,-1,1,0,0,-1,NA,-1,-2,0,-1,1,0,-1,0,-1,-2,0,-1,-1,0,-1
"226","North","female","35-44",2,1,0,1,1,0,-1,1,1,-2,-1,-2,-1,-2,-1,-1,0,-1,-1,1,-2,-2,-1,-1,-2,0,-1
"227","Center","female","35-44",1,2,0,0,1,-1,-1,-1,0,-1,0,-1,0,-1,0,-1,-1,0,0,0,0,-1,0,-1,-1,0,-1
"228","South","male","35-44",2,1,0,1,1,0,-2,1,0,-2,-1,-2,-1,-2,-1,-1,0,-1,-1,1,-2,-1,0,-1,-1,-1,-1
"229","Center","female","35-44",1,1,0,1,1,0,-2,0,1,0,1,1,-2,-2,-1,-1,1,1,-1,-1,-1,-1,-1,0,-1,1,1
"230","Center","female","35-44",0,1,-1,-1,0,0,0,-1,0,-2,-1,-2,-1,-1,0,-1,-1,NA,0,0,1,-1,0,0,0,0,0
"231","South","female","35-44",1,0,-1,1,1,NA,0,1,1,1,0,0,-1,-1,-1,-1,-1,0,-2,1,-2,-2,1,1,0,NA,-2
"232","Judea and Samaria","male","35-44",0,1,-1,0,0,-1,-1,NA,0,0,0,0,-1,-1,-1,-1,-1,0,-1,0,-2,-1,0,-1,-1,-1,-1
"233","North","female","35-44",0,1,NA,1,1,-1,-1,0,0,-1,-1,-1,0,-2,0,0,0,0,0,-1,-1,-2,0,1,-2,-1,1
"234","Tel Aviv","male","35-44",1,0,-1,-1,1,1,-1,-1,0,-2,0,-2,0,-1,0,0,0,0,-2,0,-1,-1,0,-1,0,0,0
"235","South","male","35-44",-2,-2,0,1,1,-2,-2,1,1,1,1,1,0,0,0,1,1,1,-2,-1,-2,0,1,-1,-2,0,0
"236","Tel Aviv","female","35-44",1,0,-1,0,1,-1,-1,-1,-1,-1,-2,-2,0,-2,0,0,0,0,-1,1,-1,-1,0,0,-1,-1,-1
"237","Tel Aviv","female","35-44",0,1,-1,1,1,-1,-1,1,0,-1,0,-2,0,-1,0,0,0,0,-1,1,-2,-2,1,0,-1,-1,1
"238","Judea and Samaria","female","35-44",0,1,-1,1,1,0,-1,1,0,-1,-1,-1,0,-1,0,NA,1,0,-1,-2,-2,-1,0,-1,-1,0,-1
"239","North","female","35-44",1,1,-1,0,0,-1,0,-1,1,-2,-1,-1,-1,-1,0,0,0,0,-1,-1,-2,-2,0,-2,0,-1,0
"240","Center","female","35-44",1,1,0,1,1,0,-1,1,0,-2,-1,-2,-1,-2,-1,0,0,0,-1,0,-2,-2,-2,-1,-2,-1,-1
"241","North","female","35-44",0,1,-2,-2,0,-2,-2,1,0,0,-1,1,1,-1,1,1,-2,0,1,1,0,-2,1,0,-2,0,1
"242","Center","female","35-44",1,1,0,0,1,0,-1,-1,-1,-1,-1,-1,1,-1,-1,0,0,1,-1,-2,0,-2,-1,-1,-1,-1,1
"243","Jerusalem","male","35-44",-2,-1,-2,-2,1,-2,-2,0,1,1,1,1,1,1,1,1,1,1,-2,0,-1,NA,NA,NA,-1,1,1
"244","South","female","35-44",0,1,-1,1,1,0,-2,-2,0,-2,-1,-2,0,-2,0,NA,1,NA,-2,NA,NA,NA,0,0,-2,-2,0
"245","Jerusalem","female","35-44",1,1,-2,1,1,1,1,0,1,-1,0,-1,-1,-2,0,1,1,0,0,NA,-2,-1,0,-1,-2,-1,0
"246","Jerusalem","female","35-44",1,1,-1,0,1,1,-2,1,0,0,0,-1,0,-2,0,0,1,1,-2,1,-2,-2,1,-2,1,0,1
"247","Center","male","35-44",2,2,0,1,1,1,0,0,0,-2,-2,-1,-1,-2,-1,1,1,1,-2,-2,-2,-1,-2,-2,-1,-2,1
"248","Jerusalem","female","35-44",1,1,-1,-2,1,-1,-2,0,1,0,0,-1,1,-2,1,-1,-1,NA,-2,1,-1,-1,-2,-1,0,-1,-1
"249","North","female","35-44",1,1,0,1,1,0,-1,1,0,-2,-1,-2,-1,-2,-1,-1,0,-1,-1,0,-2,-2,0,-1,-1,0,-1
"250","Center","male","35-44",1,0,0,-1,1,-1,-1,-2,0,-1,1,0,-2,-2,0,-2,0,0,1,0,-1,-2,1,-1,0,1,-1
"251","Center","female","35-44",0,1,-1,1,0,-1,-1,1,0,-1,-2,-2,0,-2,0,NA,NA,NA,0,-2,-2,-2,1,-2,1,-1,-1
"252","Center","male","35-44",2,1,0,1,1,0,-1,1,0,-2,-1,-2,-1,-2,-1,-1,-1,-1,0,-1,-2,-2,-2,-1,-1,0,-1
"253","Tel Aviv","female","35-44",1,0,0,1,1,1,-1,-1,0,-2,-1,-2,0,-2,-1,0,0,0,-2,1,0,-2,-2,1,1,-1,0
"254","North","male","35-44",1,1,0,1,1,0,-1,1,0,-1,-1,1,-1,-2,-1,-1,-1,-1,0,-1,1,-1,-1,0,-1,-1,-1
"255","Center","female","35-44",2,2,0,1,1,-1,-1,-2,0,-1,-1,-1,-1,-2,-1,0,-1,-1,0,1,-2,-2,1,0,-2,-1,0
"256","South","male","35-44",2,2,-1,-2,1,-2,0,1,0,-1,-1,-1,-1,-2,0,-1,1,1,0,1,-2,-2,1,-2,1,-2,-2
"257","South","male","35-44",2,2,0,1,1,1,1,1,0,-1,-1,-1,0,-2,-1,-1,0,0,-2,1,1,-2,1,-1,-2,-2,0
"258","South","female","35-44",0,0,-1,1,1,1,0,1,0,-2,-2,-1,-1,-2,-1,-1,-1,0,-1,0,NA,0,0,0,-2,-1,1
"259","South","female","35-44",2,2,0,1,1,0,-1,1,0,-2,-1,-2,-1,-2,-1,-1,0,0,0,1,-2,-2,-1,-1,-2,0,-1
"260","North","female","35-44",1,1,0,0,1,0,0,1,0,-1,0,-1,-1,-2,-1,-1,0,0,1,0,-1,1,-2,-1,0,-1,-1
"261","Center","female","35-44",0,0,0,NA,NA,0,NA,1,1,1,1,1,1,1,1,1,1,1,-2,-1,1,-2,1,0,-2,NA,0
"262","North","female","35-44",0,1,0,1,1,0,0,1,0,-2,-1,-2,-2,-2,-2,-2,0,NA,0,1,-2,-2,-1,-2,1,-1,-1
"263","Center","female","35-44",0,1,-2,-1,-1,-2,-1,1,0,1,1,-1,-1,-2,-1,-2,-2,-1,-2,0,0,-2,1,-1,1,1,-1
"264","Center","male","35-44",0,0,-1,1,1,0,-2,1,1,-2,-1,-1,1,-2,1,-1,1,1,-2,-2,-1,-2,0,-1,1,-1,-1
"265","Center","male","35-44",1,1,0,1,1,0,-1,1,0,0,0,-1,0,0,-1,0,1,0,NA,1,-2,-2,-1,-1,-2,-1,0
"266","South","female","35-44",0,1,-2,0,1,-1,-2,-1,0,-1,-1,-1,-1,-2,0,NA,-1,0,0,-2,-2,-2,1,-1,-1,-2,-1
"267","Center","female","35-44",1,-2,-1,1,1,0,-1,1,1,-1,0,-2,-1,-2,0,0,-1,-1,-2,1,0,-2,1,-1,1,0,-1
"268","South","female","35-44",1,1,0,1,1,0,0,1,-2,-1,-1,-2,-2,-2,-1,-1,-1,-1,1,1,-2,-2,1,-2,-1,-1,-1
"269","North","female","35-44",0,1,0,0,1,-2,-1,1,-1,-1,-1,-1,1,-2,0,0,-1,1,1,0,-2,-1,1,-1,1,-2,1
"270","Tel Aviv","female","35-44",-2,2,-2,0,0,-1,0,-2,0,0,0,0,1,0,1,0,1,1,-2,-2,0,1,-2,1,1,0,1
"271","Center","female","35-44",0,1,-2,0,0,0,-1,-1,0,-1,0,-1,-1,-1,0,-1,-1,0,-1,1,-1,-1,0,NA,0,-1,0
"272","North","female","35-44",-2,0,-1,1,-1,0,-2,1,1,0,0,0,1,-2,1,1,1,0,0,1,0,-2,1,1,1,-1,-1
"273","Haifa","male","35-44",0,0,-1,0,1,-2,-1,-1,0,0,-1,-1,0,-1,0,NA,1,-1,0,NA,-1,1,-2,0,0,-1,-1
"274","South","male","35-44",0,0,-1,1,1,-1,-1,-1,0,-1,-1,-1,0,-2,-1,0,0,0,0,-1,-1,-2,0,1,-1,-1,0
"275","Center","male","35-44",1,1,-1,1,0,0,-2,-1,-1,-2,0,-2,0,-1,0,0,-1,0,1,-2,-1,NA,NA,-1,-1,-1,-2
"276","Tel Aviv","male","35-44",-2,0,-2,0,-2,1,-2,0,-1,0,1,-2,1,-2,1,1,1,1,-2,-2,0,-2,1,1,1,1,NA
"277","Jerusalem","male","35-44",1,2,-1,-2,1,1,-1,-2,-1,-1,0,0,0,-1,0,1,0,0,-2,-1,-2,-2,1,1,1,0,0
"278","North","male","35-44",0,2,-1,-1,0,0,-1,-1,0,-1,-1,1,1,0,0,0,-1,-1,-1,-1,0,0,-1,0,-1,-2,-1
"279","Center","male","35-44",1,0,0,-1,1,1,-1,1,0,-2,-1,-1,-2,-2,-2,0,1,0,-1,-2,-2,-2,0,0,-2,-2,-2
"280","Haifa","female","35-44",0,0,-2,0,1,0,NA,1,-1,-1,-1,-1,0,-2,0,0,0,0,-1,1,-1,-1,0,-2,1,-1,0
"281","Tel Aviv","male","35-44",0,1,0,1,-1,0,-2,1,1,0,-1,0,0,-1,0,0,0,0,-2,1,-2,-2,1,0,1,0,NA
"282","South","female","35-44",1,1,-1,-1,1,-2,-1,-1,0,-1,0,-2,-2,-2,0,1,-1,0,-1,0,0,-1,-1,NA,-1,-1,-1
"283","North","female","35-44",0,2,0,1,1,0,-1,0,0,-2,-1,-2,-1,-2,-1,-1,0,0,0,1,-2,0,-1,0,0,NA,NA
"284","South","male","35-44",2,1,0,1,1,0,-1,1,-1,-1,-1,-2,-1,-2,-1,-1,-1,0,0,1,-2,-2,1,-2,0,-2,-1
"285","South","female","35-44",0,1,0,0,1,0,0,1,-2,-2,0,-1,0,-2,-1,0,0,0,0,0,-1,-2,0,-1,0,-1,0
"286","North","male","35-44",0,1,-1,0,1,0,-1,0,0,-2,0,-2,0,-2,0,0,-2,0,-1,-2,0,-2,1,0,1,0,-1
"287","North","male","35-44",1,0,-1,0,0,-1,-2,1,0,-1,0,-2,1,-2,0,1,0,0,1,-2,-2,-2,1,0,0,0,1
"288","North","male","35-44",0,1,-1,1,1,0,-1,0,0,-1,-1,-2,0,-1,0,1,1,0,1,-1,-2,-2,-1,0,-1,0,1
"289","Tel Aviv","male","35-44",0,1,-1,-1,-1,-2,-2,NA,0,1,1,1,-1,-2,NA,NA,NA,NA,-1,0,-1,0,-1,1,-2,-1,NA
"290","Tel Aviv","male","35-44",1,1,0,1,1,0,-2,1,1,-2,-1,-2,-1,-2,-1,-1,0,-1,-1,1,-2,-2,-1,-1,-1,0,-1
"291","Haifa","male","35-44",-1,-1,-1,0,-1,1,1,0,0,0,0,-2,1,-2,1,1,0,0,-2,-2,0,0,1,0,1,0,1
"292","Haifa","male","35-44",0,1,0,1,0,1,0,-1,0,-1,0,-2,-1,-2,-1,1,0,-1,1,-2,-1,-1,-2,0,-1,0,-1
"293","North","female","35-44",0,0,-1,-1,-1,-1,NA,0,0,0,0,NA,0,0,0,NA,0,0,-1,1,NA,-1,0,NA,0,NA,-1
"294","Center","female","35-44",-2,2,-2,-1,0,-1,-2,-2,1,0,0,-1,0,-1,1,1,1,1,-2,1,1,-2,0,1,0,1,1
"295","Tel Aviv","male","35-44",-2,2,-2,0,-1,-1,0,0,0,0,0,-2,0,-2,0,0,0,0,-2,1,-1,0,0,0,1,0,-1
"296","Center","male","35-44",1,1,-1,-1,1,0,-2,-1,0,-2,-2,-2,-1,-2,0,0,0,0,-2,-1,-1,-1,-1,0,-1,-1,-1
"297","Center","male","35-44",1,2,0,0,1,1,1,-1,-1,-1,-1,-1,-1,-2,-1,-1,-1,-1,-1,0,-1,-1,0,-1,0,-1,-2
"298","Tel Aviv","male","35-44",1,2,-1,-1,1,-2,-2,-2,0,-1,-1,-2,0,-2,-2,0,-1,0,-1,-1,-1,-1,-1,0,0,-1,-1
"299","Haifa","female","35-44",-1,0,-2,-2,1,0,-1,1,0,-2,-1,-2,0,-2,0,0,0,0,-2,-2,-1,-2,1,0,1,1,1
"300","Tel Aviv","male","35-44",0,0,-2,-1,-1,0,-1,-1,-1,-1,0,0,-1,-1,0,1,0,-1,0,-2,-1,1,-2,-1,-1,0,-1
"301","Center","female","35-44",1,1,0,0,0,0,-1,-1,-1,-1,0,-2,0,0,0,0,0,-1,0,-1,0,0,-1,-1,-1,0,1
"302","North","male","35-44",-2,0,-2,-1,1,-1,-2,1,0,1,-1,-1,1,-2,1,1,1,1,-2,-2,-1,-1,0,1,1,1,-1
"303","Center","female","35-44",0,1,-1,-1,1,-1,0,1,NA,NA,-1,-1,-1,-2,0,NA,NA,NA,-1,1,0,-2,1,-1,-2,-1,-1
"304","North","male","35-44",1,0,0,1,1,1,1,1,0,-1,-2,0,0,-2,0,1,0,0,-2,1,-2,-1,-1,-1,-2,0,1
"305","Tel Aviv","male","35-44",1,1,-2,1,1,0,1,-1,1,-2,-2,-2,1,-2,1,1,1,0,0,-2,-2,-2,1,1,-2,0,-1
"306","Jerusalem","male","35-44",0,1,-1,-1,0,1,1,1,0,NA,0,-2,NA,-1,-1,NA,0,NA,-1,0,NA,-2,1,NA,0,0,0
"307","Tel Aviv","male","35-44",1,1,-1,0,1,1,-1,-2,-1,-1,0,-2,0,-2,0,1,0,0,0,-2,-2,-2,0,-1,-1,-1,0
"308","North","female","35-44",-1,2,-2,1,1,-1,-1,0,0,-1,NA,0,0,-2,0,1,0,0,-2,-1,-1,-1,0,-1,-1,-2,NA
"309","Tel Aviv","female","35-44",-1,1,-2,1,0,0,-1,-2,0,NA,NA,-1,0,0,1,1,0,1,-1,-1,-2,-1,0,1,-1,-1,NA
"310","Center","male","35-44",1,1,0,1,1,0,0,-2,0,-2,-2,-2,-1,-2,0,0,0,0,0,-1,0,-1,0,0,0,-1,-1
"311","Center","male","35-44",0,1,0,0,-1,1,-1,1,NA,-2,-2,-2,-1,-2,-1,1,1,-1,1,-2,-2,0,-2,-1,-2,-2,-2
"312","Center","female","35-44",0,0,-1,1,1,-1,0,0,0,-1,0,-1,-1,-2,0,-1,0,0,1,1,0,-1,1,0,0,-1,-1
"313","Tel Aviv","male","35-44",0,0,0,0,1,-1,-2,0,-1,-2,-1,0,-1,-1,-1,0,-1,1,1,0,-1,-1,1,-2,1,0,-1
"314","North","female","35-44",1,0,-1,1,1,0,0,0,-1,-2,-2,-2,-2,-2,-1,-1,-1,0,-1,0,-1,-2,1,-1,1,-1,0
"315","Center","female","35-44",0,0,-1,-1,1,0,-1,-1,0,0,0,-2,0,-2,-1,1,-2,-2,-1,1,0,-1,-1,0,0,-1,0
"316","Center","female","35-44",0,0,-1,-1,1,-1,-2,-1,0,-1,-1,-1,0,-1,0,0,0,0,-2,-1,-1,-1,0,1,0,-1,0
"317","Center","female","35-44",0,1,-2,1,1,0,-2,-2,-1,-2,-1,-1,0,-2,0,1,0,0,-2,-2,-2,1,-2,1,-2,-1,-1
"318","Haifa","female","35-44",0,NA,-2,0,-2,1,0,-2,1,-1,-1,-1,-1,1,-1,1,1,1,-2,-2,-1,1,-2,1,1,-1,-1
"319","Tel Aviv","female","35-44",1,0,-1,0,1,0,0,1,0,-2,-2,-2,-2,-2,-1,-1,-1,-1,-1,1,-2,-2,1,-2,1,-1,-1
"320","North","male","35-44",0,NA,-2,0,1,1,-2,1,0,0,0,-2,0,-2,-2,1,0,0,-2,1,-2,-2,1,1,1,0,0
"321","Jerusalem","female","35-44",0,2,-2,1,0,1,-1,-1,-1,-2,-1,-2,-1,-2,0,1,-1,-1,-1,1,-2,1,-2,-1,-2,-1,-1
"322","Center","male","35-44",0,1,-2,1,-1,1,-2,-2,-1,-2,-1,-1,0,-1,0,0,0,0,-1,-2,-1,1,-2,0,0,1,-1
"323","Haifa","female","35-44",1,1,0,-1,1,-2,-2,0,0,-2,-1,0,1,-2,0,-1,0,0,0,0,-1,-1,0,0,1,-1,-1
"324","Center","male","35-44",0,0,-1,0,0,1,-2,-1,-1,-1,-1,0,0,0,0,0,0,0,0,-2,-2,0,0,0,-1,NA,0
"325","Center","female","35-44",0,1,-1,0,0,-1,-1,-1,0,0,1,-2,-1,0,1,1,1,1,-2,-1,-1,-2,0,0,-1,1,1
"326","Tel Aviv","male","35-44",-1,1,-1,1,1,0,-2,-1,0,-1,0,0,0,-2,0,0,0,0,-1,0,-2,-1,0,-1,0,0,0
"327","Center","female","35-44",0,1,-1,1,1,0,-1,-1,0,-2,-1,-2,0,-2,0,1,0,0,-1,-1,-1,-1,-1,0,0,0,0
"328","Center","female","35-44",-1,1,-2,-1,0,-1,-1,-2,1,-1,-1,-2,1,-1,1,1,-1,-1,0,-1,0,-2,-1,-2,1,0,1
"329","South","female","35-44",-1,1,-2,1,1,1,-1,0,1,-1,0,-1,-1,-1,0,1,1,1,0,-1,1,-2,1,0,1,-1,1
"330","Center","female","35-44",0,0,-1,-1,0,0,-1,-2,0,-2,0,-2,0,0,0,1,0,0,-1,-1,-1,0,-1,-1,1,0,0
"331","Tel Aviv","female","35-44",0,2,-1,1,1,-1,-1,-2,1,-1,0,NA,0,-1,0,1,-1,0,-2,-1,-1,NA,-1,0,-1,-1,-2
"332","Center","male","35-44",1,0,0,0,1,0,-2,-2,-1,-2,-2,-2,-2,-2,-2,-2,-2,-2,1,0,-1,1,-2,0,-2,-2,-1
"333","Center","male","35-44",2,1,0,0,0,1,-1,-2,-1,-2,-1,-1,-1,-2,-1,0,0,-1,0,-1,-2,0,-1,-1,-2,-1,-2
"334","South","male","35-44",1,2,-1,0,0,-1,-1,-1,0,-1,0,-2,0,-2,0,1,1,0,-2,1,-2,-2,1,-1,1,-1,1
"335","Tel Aviv","male","35-44",1,1,0,0,0,0,-2,-1,1,0,0,-1,-1,-2,0,1,1,-1,-1,0,-1,-1,-2,-1,1,-1,-1
"336","South","female","35-44",0,1,0,0,0,-1,-2,0,-1,1,NA,-1,-1,-1,-1,NA,NA,NA,0,-2,-2,1,-2,0,1,1,1
"337","Center","female","35-44",-1,1,-1,0,-1,-1,-1,-1,-1,-2,0,-1,0,-2,1,1,1,NA,-1,-2,-2,0,-2,-1,0,-1,NA
"338","Center","male","35-44",2,2,0,-1,1,-1,-1,0,0,-1,-1,0,0,-1,-1,0,0,0,-1,0,-1,-1,0,-1,0,-1,-1
"339","Center","male","35-44",0,1,-2,1,1,1,-2,-1,0,-2,1,-2,1,-2,1,1,1,0,-2,-1,0,-2,1,0,-2,1,1
"340","Jerusalem","male","35-44",0,1,-1,1,1,-1,-1,-1,-1,-1,-1,-2,-1,-2,0,0,0,0,-1,-1,-2,1,0,0,0,-1,-1
"341","Center","female","35-44",0,1,-2,0,1,1,-1,-1,-1,NA,NA,-2,-1,-2,-1,NA,1,-1,-1,NA,-2,-1,NA,NA,NA,0,1
"342","Center","male","35-44",1,1,-1,-2,0,-2,-2,0,1,1,1,1,1,-1,1,1,1,1,-2,1,-2,-2,1,1,-1,1,0
"343","South","female","35-44",0,1,-2,-2,-1,0,-1,NA,0,NA,1,-1,1,NA,1,1,1,1,-2,0,NA,-1,-1,-1,1,0,1
"344","Center","male","35-44",NA,1,-1,1,1,0,-1,0,0,-1,1,1,1,-1,1,1,1,0,NA,-1,-2,-1,-2,1,0,1,1
"345","South","female","35-44",0,1,-1,0,1,0,-2,1,NA,-1,0,-1,0,-2,0,0,0,0,-2,0,-2,-2,-1,0,NA,-1,-1
"346","North","female","35-44",-1,1,-1,0,1,-1,-1,0,0,-1,NA,-1,0,-2,0,1,0,0,-1,-1,0,-2,0,1,1,-1,-1
"347","North","female","35-44",0,1,0,1,1,1,-1,0,0,0,0,0,0,0,0,0,0,0,-1,1,0,1,-2,0,0,0,0
"348","South","female","35-44",-2,0,-2,0,-2,1,-1,-2,0,0,0,1,0,0,1,1,1,1,-2,-2,-1,1,-2,0,1,0,1
"349","North","female","35-44",1,2,0,1,1,0,-1,0,-1,-2,0,-2,-1,-2,-1,1,-1,-1,0,0,-2,-2,1,-1,0,0,0
"350","North","male","35-44",1,1,0,1,1,0,-1,0,0,-1,0,-2,0,-2,0,1,0,-2,-2,-1,-2,-1,-2,-1,-2,0,-1
"351","South","male","35-44",-1,1,-2,-1,-1,0,-1,-2,-1,-2,1,0,0,0,0,1,0,0,-2,-2,-2,0,-2,1,0,0,-1
"352","North","female","35-44",NA,NA,-1,-1,-2,1,-2,-1,-1,-1,-1,-2,0,NA,0,NA,1,0,0,0,-2,1,-2,1,-1,-1,-1
"353","North","male","35-44",0,2,-2,1,1,1,-1,0,1,-1,-2,-2,1,-2,0,0,0,1,-2,-2,-2,-2,1,0,-1,-1,0
"354","Center","female","35-44",-1,1,-2,0,-2,-1,-2,-2,0,-1,0,NA,1,-1,0,1,1,1,-2,-2,0,NA,0,1,-1,1,1
"355","Tel Aviv","male","35-44",1,1,0,0,NA,-1,-1,NA,1,0,1,0,1,-1,0,0,-1,-1,-2,-2,-2,-2,-2,1,-1,1,0
"356","Tel Aviv","male","35-44",2,2,-1,1,1,-1,-1,-2,1,-2,-1,-2,-1,-1,-1,0,-1,-1,0,-2,-2,-2,-1,1,1,-1,-1
"357","Center","female","35-44",1,1,-1,1,1,1,1,0,-2,-2,1,0,1,-2,0,1,1,-1,0,-2,0,0,-2,1,1,0,0
"358","South","male","35-44",-2,-2,-2,0,-1,-1,-2,1,1,-1,1,-1,1,-2,0,1,1,0,-1,-2,NA,-2,1,1,1,0,1
"359","Judea and Samaria","female","35-44",1,1,-1,-1,0,-1,-2,1,-1,-1,0,-2,0,-2,0,0,-1,-1,0,1,-2,-2,1,-2,1,-1,0
"360","Tel Aviv","male","35-44",0,0,-1,1,1,0,0,0,0,-2,-1,0,-1,-1,0,1,0,-1,-1,-2,-2,-1,-1,0,-1,-1,-2
"361","Center","female","35-44",0,2,-1,0,0,-1,-1,-1,NA,-2,0,-1,0,-1,0,1,0,0,-1,-1,-1,-1,-1,0,1,-1,-1
"362","South","male","35-44",2,1,0,1,1,1,0,1,0,-2,-1,-2,-1,-2,-1,-1,0,-1,0,1,1,-2,-1,-1,-1,0,-1
"363","Haifa","female","35-44",1,2,-1,1,-1,0,-1,-2,0,-1,0,-1,0,-1,0,1,0,-1,-1,-2,-2,1,-2,1,0,NA,1
"364","South","female","35-44",1,1,-1,0,0,-1,-1,0,-1,-2,-2,-2,0,-2,-1,NA,0,0,-2,0,-2,-1,0,-1,-2,-1,-1
"365","North","female","35-44",1,2,-1,-1,1,-1,-1,1,-1,-1,-1,-2,-1,-2,0,0,-1,0,-1,1,-1,-2,1,-1,0,-1,0
"366","Haifa","female","35-44",1,2,0,1,1,0,-1,1,0,0,0,1,0,-2,0,0,NA,NA,-1,1,-1,-2,1,-1,-1,NA,NA
"367","Center","female","35-44",1,1,-1,1,1,0,1,-1,1,-2,-1,-1,0,-2,-2,-1,1,-1,-2,-2,-2,-2,1,1,-2,NA,1
"368","Center","male","35-44",-1,1,-2,-2,-1,-1,-1,-2,1,0,0,0,1,0,0,1,1,1,-2,-2,-1,-1,-2,-1,0,0,-1
"369","Center","female","35-44",1,1,-2,-1,1,-1,NA,NA,-1,0,-1,-2,0,-2,0,NA,-1,NA,0,-1,0,0,-1,0,1,-1,0
"370","Center","female","35-44",1,1,-1,1,1,0,-1,0,-1,-2,0,-2,0,-2,0,0,-2,0,0,0,-1,-2,1,0,-1,0,0
"371","Tel Aviv","male","35-44",2,2,0,1,1,-1,1,0,0,-1,-1,-2,-1,-1,0,1,0,0,0,1,0,0,-1,-2,-1,-1,-1
"372","Center","female","35-44",0,0,-1,0,0,0,-1,-1,-1,-1,-1,0,-1,-1,0,0,-1,-1,-1,-1,-1,-1,0,0,1,NA,0
"373","Jerusalem","female","45-54",2,2,-1,1,1,1,-1,1,-1,-2,-2,-2,-2,-2,-2,-2,-1,-2,-2,-2,-2,-2,1,0,1,-2,-2
"374","South","female","45-54",-1,1,-1,0,0,-2,-1,0,1,0,0,0,1,0,0,-1,0,0,-2,1,0,0,-1,1,-2,0,1
"375","Jerusalem","female","45-54",0,1,-2,0,0,-1,-1,0,0,0,-1,1,0,0,0,-1,-1,1,-1,0,0,-1,0,1,1,-1,-1
"376","Haifa","female","45-54",0,0,-1,0,1,1,-2,1,1,1,1,0,1,-1,1,1,1,1,-2,1,-1,-2,1,-1,1,1,1
"377","Center","female","45-54",-2,1,-2,-1,1,-1,-2,1,1,1,0,1,1,1,1,0,0,1,-2,0,1,-2,1,1,1,0,0
"378","Center","male","45-54",1,2,0,1,1,1,0,0,0,-2,-1,-1,-2,-2,0,1,-1,-1,-1,0,-2,-2,1,-1,-1,-1,1
"379","Judea and Samaria","female","45-54",-1,1,-1,1,1,0,-1,0,0,-1,-1,-1,0,-2,0,0,-1,NA,-1,1,-2,-1,-2,-1,-1,-1,-1
"380","Center","male","45-54",0,1,-1,1,1,-1,-1,0,0,-1,-1,-2,0,-2,0,0,1,1,-1,-1,-2,-2,1,0,0,-1,0
"381","Judea and Samaria","female","45-54",2,1,-1,-1,1,0,-1,1,1,0,-1,0,-2,-1,0,-1,-1,1,-1,-1,-1,-2,-1,-2,0,0,-1
"382","Tel Aviv","female","45-54",1,1,-1,0,1,0,-1,-1,0,-1,-1,-1,0,-1,0,0,0,0,-1,1,-2,-2,1,0,-1,-1,-1
"383","Jerusalem","female","45-54",1,2,-2,0,1,1,-2,-1,-1,NA,-1,NA,0,-2,0,0,0,1,-2,0,-1,-2,1,-1,1,-1,-1
"384","Center","male","45-54",-2,0,-2,1,1,-1,-2,1,1,1,-1,1,1,-2,1,NA,1,1,-2,1,0,-2,1,0,1,-1,-2
"385","South","female","45-54",0,1,-2,0,1,-1,NA,1,0,0,1,1,0,-2,0,-1,0,0,-2,NA,0,-1,1,1,1,NA,1
"386","Center","male","45-54",1,1,0,0,1,0,-1,0,0,0,0,0,-1,-2,-1,-1,1,0,0,1,0,-2,0,-2,1,-1,-1
"387","Center","female","45-54",-1,1,-1,NA,1,-2,-2,1,NA,-1,-1,-1,NA,-2,-2,NA,0,NA,NA,NA,NA,-2,1,NA,NA,NA,NA
"388","Center","female","45-54",1,1,-1,0,0,-1,-1,0,-1,-1,0,-1,0,-1,0,1,0,0,-1,-1,-2,-2,0,-1,0,0,-1
"389","Center","male","45-54",-2,-1,-2,-2,1,-2,-2,1,1,0,1,-1,1,0,1,0,0,1,1,-2,-1,-2,1,NA,1,1,1
"390","Center","male","45-54",0,1,-1,0,1,0,0,0,0,0,0,0,0,-1,0,0,1,0,-1,-1,-1,-1,-1,-1,0,-1,0
"391","South","male","45-54",0,1,0,0,1,-1,-1,1,1,-2,-2,-2,-1,-2,-1,-2,0,0,1,-1,-1,1,1,-2,1,-2,-1
"392","Judea and Samaria","female","45-54",-2,0,-2,-2,-2,0,-2,1,1,1,1,1,1,1,1,1,1,1,-2,-2,1,-1,-1,1,0,1,1
"393","Tel Aviv","female","45-54",0,NA,-1,1,1,1,-1,NA,0,NA,0,-2,NA,-2,NA,NA,0,0,NA,NA,-2,-2,1,NA,NA,NA,-1
"394","Center","female","45-54",0,1,1,1,1,1,1,0,0,-2,-2,-2,-2,-2,-2,-2,-2,-1,0,1,-2,0,0,-2,-1,-2,-2
"395","Jerusalem","female","45-54",0,0,-2,1,-1,0,-1,0,0,-2,-1,-2,0,-1,0,0,1,0,1,-1,-1,0,-1,1,1,-2,-1
"396","South","female","45-54",1,1,-1,0,1,1,-2,-2,-1,-2,0,-2,-2,-2,-1,-1,-1,-2,-2,1,-2,-2,1,0,-1,-1,1
"397","North","female","45-54",1,1,0,0,1,0,0,1,0,-1,-1,-1,-1,-2,-1,NA,0,-1,-1,0,-2,-2,-1,-2,-2,-1,NA
"398","South","male","45-54",1,1,0,1,1,1,0,1,1,-2,-1,-2,-1,-2,-1,0,0,0,0,0,-2,-2,-2,-1,-1,-1,-1
"399","South","female","45-54",1,1,-2,1,1,-1,-1,1,0,-2,1,-1,0,-2,-1,NA,-1,1,1,0,0,-2,1,-1,1,0,1
"400","Center","male","45-54",2,0,-2,-2,1,-2,-2,1,-2,-2,0,-2,1,-2,1,1,1,0,-2,1,-2,-2,1,-2,1,1,-1
"401","North","female","45-54",0,0,-1,0,1,-1,-1,1,1,-1,-1,-1,0,-1,0,-1,1,1,-2,-1,-2,-2,-1,-2,0,0,-1
"402","Center","female","45-54",0,1,-1,-1,1,0,-2,-2,-1,-1,0,0,0,-2,0,0,1,1,1,1,-2,-2,-2,-1,1,-1,0
"403","Haifa","female","45-54",-1,0,-2,0,-1,1,-1,-1,-1,-2,0,-2,0,-2,0,0,0,-1,-2,0,-2,-2,0,-2,1,-1,-1
"404","Center","female","45-54",-1,1,NA,-2,-1,-2,-2,0,1,1,1,1,1,1,1,1,1,1,0,0,-2,-1,-1,0,-1,1,1
"405","South","female","45-54",0,-1,-1,0,1,-1,-1,0,1,-2,-1,-2,1,-2,1,1,1,1,-2,1,0,-2,1,-1,1,0,-1
"406","Center","male","45-54",0,1,0,1,1,-1,-1,-2,0,-2,-1,-1,-1,-2,0,1,1,0,1,0,0,0,0,-1,0,-2,-2
"407","Jerusalem","female","45-54",1,1,-1,0,1,-1,-2,1,0,-1,-1,-2,0,-2,0,0,1,1,-2,1,0,-2,-1,1,1,-1,0
"408","Jerusalem","male","45-54",0,0,NA,1,0,-1,-2,0,0,0,0,0,0,-2,0,-1,0,1,-1,-1,-1,-2,1,1,1,1,1
"409","Jerusalem","male","45-54",2,1,-2,1,1,-1,-2,-1,-2,-2,-2,-2,0,-2,0,1,0,-2,-2,-1,-2,-2,1,-2,1,-1,1
"410","Center","female","45-54",2,2,0,0,1,-1,0,0,-1,0,-1,-2,-1,-2,-1,NA,-2,-1,-1,-2,-1,-2,1,-1,-2,-1,-1
"411","Tel Aviv","male","45-54",2,1,0,1,1,0,-1,1,1,-1,-1,-2,-1,-2,-1,-1,0,-1,-1,1,-1,-2,0,-2,-1,0,-1
"412","Center","male","45-54",1,NA,NA,1,1,0,-1,-1,NA,-1,-1,-1,-1,-2,0,-1,-1,0,0,-2,-2,-1,0,-1,0,-1,-1
"413","South","male","45-54",1,0,-2,1,1,0,-2,-1,1,0,-1,-1,1,-2,1,-1,1,-1,-1,NA,NA,-2,1,1,-2,-1,0
"414","South","male","45-54",1,2,-1,1,1,0,-1,1,0,-1,0,-1,-1,-2,-2,-2,0,-1,0,1,-2,-2,1,-1,-1,-1,-1
"415","Haifa","male","45-54",1,1,-1,1,0,-1,-1,0,0,-2,1,-1,0,-1,1,0,0,0,-2,-1,-2,-2,-1,0,0,-1,0
"416","Judea and Samaria","male","45-54",1,1,-1,1,1,0,-1,-1,0,-1,-1,-1,1,-2,0,0,1,0,-2,0,-2,-2,1,1,-1,0,1
"417","Haifa","female","45-54",-1,0,-2,NA,-1,0,-2,0,0,1,0,NA,1,-2,0,1,1,1,0,NA,0,-2,1,-1,0,-1,NA
"418","Haifa","male","45-54",-1,0,-2,1,0,1,-1,0,1,1,1,1,1,-1,1,-1,1,1,-1,-2,1,-2,-2,0,0,1,1
"419","South","male","45-54",-1,0,0,0,1,0,-1,0,-1,-2,-1,-1,0,-2,0,-1,0,1,0,1,0,-2,0,-2,1,-1,0
"420","Center","male","45-54",1,0,0,-2,-1,-2,0,0,1,-1,-1,-2,0,-2,0,NA,0,-1,-2,0,-1,-1,0,-1,-1,1,1
"421","Jerusalem","male","45-54",1,1,-1,0,0,-1,-1,-1,-1,-2,-2,-2,-2,-2,-1,0,-1,-1,-1,1,-1,-1,1,-2,1,-1,-1
"422","Jerusalem","female","45-54",-1,1,-2,1,0,0,-1,-2,-2,0,0,-2,1,0,1,1,0,0,-2,-1,-1,-2,1,-2,-2,1,1
"423","South","female","45-54",0,1,NA,0,1,-1,NA,1,0,NA,-1,-2,-1,-2,-1,NA,NA,NA,NA,NA,NA,-2,0,-1,1,NA,-1
"424","Center","female","45-54",0,2,-1,0,1,1,-2,-1,0,-2,1,-2,0,-2,-1,1,0,-1,-2,0,1,1,0,0,1,1,1
"425","Center","female","45-54",-1,-1,-1,1,1,1,-2,1,1,1,0,0,0,-2,0,1,1,0,-1,0,-1,-2,1,0,0,-1,-1
"426","Tel Aviv","male","45-54",2,2,1,1,0,0,0,1,0,0,0,-1,-1,-2,0,0,0,0,-1,-1,-2,-2,-1,-1,0,0,0
"427","Tel Aviv","male","45-54",1,0,0,1,1,0,-1,0,1,-1,0,0,0,-2,-1,-1,1,1,-1,-2,-2,-2,-1,-1,1,0,1
"428","South","male","45-54",2,0,1,1,1,0,-1,0,-1,-2,-1,-2,-1,-2,-1,-1,0,-1,-1,0,0,-2,1,-2,-2,-1,-1
"429","Tel Aviv","female","45-54",1,1,0,0,1,0,NA,1,0,-2,-2,-2,1,-2,1,-1,0,1,-2,1,-1,-2,1,1,1,-1,1
"430","Haifa","female","45-54",1,0,NA,0,1,1,1,0,0,-2,-1,-2,-1,-1,0,1,0,1,0,1,-2,-2,-2,-2,-1,-1,NA
"431","Jerusalem","female","45-54",NA,1,-1,1,1,-2,NA,-1,1,0,-2,-2,NA,-2,NA,0,1,1,-2,1,-2,-2,1,1,1,-2,1
"432","Center","female","45-54",1,1,-1,0,1,0,-2,1,-1,-2,-1,-1,-1,-1,-1,-1,0,-1,-1,-1,-2,-1,-2,-1,-1,-1,-1
"433","North","female","45-54",2,2,0,1,1,-1,-2,1,0,-1,0,-2,-1,-2,0,1,1,-1,1,1,0,-1,1,-1,1,-1,-1
"434","Haifa","female","45-54",1,1,0,0,1,-1,NA,0,-1,-2,0,1,0,-2,1,NA,NA,NA,-1,-2,0,0,-1,-2,NA,NA,-2
"435","Haifa","female","45-54",0,0,-2,1,1,1,0,1,0,0,0,0,1,-2,1,1,1,1,-2,-1,-1,-2,1,1,1,0,1
"436","Jerusalem","male","45-54",-1,-1,0,NA,1,-1,NA,-2,0,-1,-1,-1,-1,-2,-1,-1,-1,-1,-1,1,-2,-2,0,0,-2,-2,-2
"437","Center","female","45-54",-2,0,-1,1,1,0,0,-1,-1,-1,-1,-1,0,-1,0,0,0,1,-2,-1,-1,NA,0,-1,0,-1,0
"438","Tel Aviv","female","45-54",1,2,0,0,1,1,-2,1,-1,0,0,-1,-1,-2,-1,-1,1,1,0,-2,1,-2,1,0,-2,NA,NA
"439","Center","female","45-54",0,1,0,1,1,-1,-2,1,-1,-1,-1,-2,-1,-1,-1,-1,-1,-1,-2,-1,-1,-1,-1,0,-2,-2,-2
"440","Center","male","45-54",NA,-1,-2,0,-2,0,-2,-1,-1,-1,1,-2,1,-2,1,1,1,NA,1,-2,-2,-1,1,1,1,0,0
"441","Haifa","female","45-54",0,2,-1,1,1,-1,1,-1,0,1,1,-2,1,-2,1,1,1,1,-2,-1,-2,-1,0,NA,0,0,1
"442","Tel Aviv","male","45-54",1,1,0,0,1,0,0,1,0,0,0,-2,-1,-2,-1,-2,-1,-2,1,-2,-2,-2,1,-2,-1,-1,-2
"443","Center","male","45-54",-2,2,-2,0,0,1,-2,1,1,1,1,-1,1,-2,1,-1,1,1,-2,-2,1,-1,1,1,0,1,1
"444","Center","female","45-54",-2,2,-1,1,1,1,-2,-1,0,-2,0,-2,0,-2,0,0,0,0,-2,-1,-1,-1,0,-1,0,-1,-1
"445","Center","female","45-54",0,1,-1,0,1,0,0,1,0,-2,-2,-2,-1,-2,-1,-1,1,0,-2,-1,1,-2,-1,-2,1,-2,-1
"446","Jerusalem","male","45-54",0,NA,-1,1,1,0,-1,1,0,-2,-2,NA,0,-2,0,NA,1,NA,-1,1,-1,-1,1,0,0,-2,-2
"447","Jerusalem","female","45-54",1,1,0,1,1,0,-1,0,0,-2,-1,-1,-1,-1,-1,-1,0,0,0,-1,-2,-2,-2,-1,-1,0,0
"448","Center","male","45-54",1,0,-1,0,0,0,-1,-1,-1,-2,-2,-2,-1,-2,-1,-1,0,-1,0,-1,-1,-1,0,-1,-1,-2,-2
"449","Tel Aviv","female","45-54",1,2,NA,1,1,1,-1,-2,0,-2,-1,-2,0,-2,0,1,-1,-1,-2,-2,-2,1,-2,0,-1,-1,0
"450","Jerusalem","female","45-54",0,1,-1,1,0,-1,-1,1,0,-1,-1,NA,0,-2,0,0,0,0,-1,NA,0,-1,0,1,1,-1,NA
"451","North","female","45-54",0,1,-1,0,1,-1,-1,-1,0,-1,0,-2,0,-1,0,1,1,0,-2,0,-2,-1,0,-1,1,-1,0
"452","North","female","45-54",1,1,-2,0,0,-1,0,1,0,-1,1,-1,0,0,1,1,0,0,-2,-1,0,-2,1,-2,1,1,0
"453","Tel Aviv","male","45-54",0,1,-1,0,-1,-1,-2,0,-1,-1,0,NA,0,-1,0,NA,0,0,0,-2,-2,NA,-1,-1,1,NA,NA
"454","Center","male","45-54",1,1,-1,0,0,0,-1,-1,-1,-2,-1,-1,0,-2,-1,1,-1,0,-1,-1,-2,0,-2,-1,-1,-1,0
"455","Haifa","male","45-54",0,0,0,1,1,0,-1,-1,1,-2,-2,-2,1,-1,0,1,-2,-2,-2,-2,-1,1,-2,0,-2,NA,1
"456","Tel Aviv","female","45-54",2,1,0,0,1,-1,0,0,0,NA,-2,-1,-1,-2,-1,0,-1,-1,0,1,-1,-2,1,-1,-1,NA,-1
"457","Haifa","male","45-54",1,2,0,1,1,1,-1,0,0,-1,-1,-1,0,-1,-1,0,0,0,-1,0,-2,-1,0,-1,0,-1,-1
"458","Tel Aviv","male","45-54",1,-1,-2,1,1,1,-2,-1,-1,-1,0,-1,0,0,1,0,0,1,-2,1,-2,0,-1,-1,-1,-1,-2
"459","Judea and Samaria","male","45-54",0,-1,-1,1,1,0,-2,1,NA,-2,-1,NA,0,-2,0,NA,-1,0,1,0,-1,-2,-2,-1,-1,0,0
"460","Tel Aviv","male","45-54",1,1,-1,1,1,0,-1,0,-1,-1,-2,-2,0,-2,0,1,1,1,-1,-1,-2,1,-2,1,0,-2,0
"461","Center","female","45-54",0,0,-1,-2,0,1,-1,-1,-1,-2,0,-2,1,-2,1,1,1,0,-2,-2,1,-1,-1,1,1,1,1
"462","North","female","45-54",0,1,-1,0,1,-1,-1,-1,0,-1,0,-2,0,-2,0,0,0,0,-2,-1,-2,-1,-1,-1,1,-1,-1
"463","Judea and Samaria","female","45-54",-1,0,-2,0,0,0,-1,0,0,-2,0,-1,0,-1,0,1,0,0,-2,-1,-2,0,0,-1,-2,0,0
"464","Jerusalem","female","45-54",0,1,-1,0,0,-1,-1,-1,0,-1,0,-2,0,-2,0,1,0,0,-2,1,-2,-1,-2,NA,0,-1,1
"465","Haifa","female","45-54",NA,NA,-2,0,0,0,0,1,-2,0,-2,-2,1,-2,1,1,1,1,-2,1,-2,-2,1,0,1,-2,1
"466","Center","female","45-54",1,2,0,0,1,-1,-1,0,0,-1,-1,-2,-1,-2,-1,NA,NA,-1,0,1,NA,0,1,-2,0,-1,-1
"467","Center","female","45-54",1,1,-2,NA,1,0,-1,-2,0,0,0,NA,0,-2,0,NA,NA,NA,1,1,-1,-2,1,0,-2,-1,-1
"468","Haifa","male","45-54",1,1,-1,0,1,0,-1,-1,-1,-1,-1,-2,-1,-2,0,0,0,-1,-1,-2,-1,-1,0,-1,-1,-1,-1
"469","Tel Aviv","female","45-54",-2,1,-2,-2,-2,-2,-2,1,1,1,0,-2,1,-1,1,1,1,1,-2,-2,-2,-2,1,1,1,1,0
"470","Haifa","female","45-54",1,0,NA,1,NA,0,-1,1,1,-1,-1,-1,-1,-1,-1,1,0,NA,0,NA,1,-2,NA,-1,-2,-1,-1
"471","Haifa","male","45-54",1,1,0,1,-1,0,-2,-2,-1,-1,-1,-1,0,-1,0,NA,0,-1,-1,-2,-2,-2,0,-1,-2,-1,0
"472","Center","female","45-54",0,0,-1,1,1,0,-1,-1,-1,-1,-1,-1,0,-2,0,1,0,0,-1,-2,-2,1,NA,-2,-2,-1,0
"473","Center","female","45-54",0,1,0,0,1,-1,-1,-1,0,-2,-1,-2,-1,-1,-1,NA,0,0,-1,-1,-1,-1,0,1,0,-1,-1
"474","North","female","45-54",-2,-1,-2,0,-2,0,0,1,1,1,1,1,1,1,1,1,1,1,-2,1,0,-2,1,0,1,1,1
"475","Haifa","male","45-54",1,1,0,1,1,1,-2,1,-1,-2,-1,-2,0,-2,0,0,1,0,-2,-2,-2,-2,0,1,0,-1,0
"476","Tel Aviv","male","45-54",-1,-1,-2,0,1,-1,-1,1,-1,-2,0,-2,1,-2,0,1,1,0,-2,-2,-1,-1,0,-1,1,1,1
"477","Tel Aviv","female","45-54",-1,1,0,1,1,0,-2,-2,1,-1,0,-2,1,-2,0,1,1,NA,-2,1,NA,-2,1,NA,0,1,-1
"478","Tel Aviv","female","45-54",-1,-1,-2,1,1,0,-1,-1,0,0,-1,-2,0,-1,1,1,-1,1,-1,-2,-2,NA,1,1,-1,-1,-1
"479","Tel Aviv","male","45-54",1,0,0,1,1,1,-1,1,0,-2,-1,-2,-1,-2,-2,-2,0,-1,-2,1,-2,-2,-1,-2,1,1,0
"480","Haifa","male","45-54",1,1,-1,0,0,0,-2,-1,-1,-1,0,-2,-1,-1,0,1,-1,-2,-1,-1,0,-1,0,1,-2,-1,-2
"481","Haifa","female","45-54",0,1,NA,1,1,NA,-2,1,0,NA,0,-2,0,-2,1,NA,NA,NA,-2,1,-1,-1,0,1,NA,-2,0
"482","Haifa","female","45-54",-2,0,-1,1,0,0,-2,1,1,1,1,1,1,-1,1,1,1,1,-2,0,-2,-2,1,-2,0,-2,-2
"483","Tel Aviv","male","45-54",0,1,-1,1,1,0,-1,1,0,-2,-1,-2,-1,-2,-1,1,0,-2,-1,1,0,-2,1,-1,-2,-1,-1
"484","Center","female","45-54",1,1,-2,1,1,-1,NA,-2,0,-2,-1,-2,0,-2,1,0,-1,-1,-2,-2,-2,1,-2,0,-2,0,0
"485","Tel Aviv","female","45-54",0,1,-2,1,0,0,-1,-2,0,-1,0,-1,1,-1,0,1,0,0,0,-1,-2,1,-2,-1,1,-1,-1
"486","North","female","45-54",1,1,0,0,1,0,-2,1,-1,-2,-1,-2,NA,-2,-2,0,0,-1,-1,1,-2,-2,1,-1,0,-1,-1
"487","Haifa","male","45-54",0,0,-1,-1,-1,1,-2,-1,-1,NA,NA,-1,NA,-1,0,NA,-1,NA,NA,-2,-2,NA,NA,-1,1,NA,1
"488","Tel Aviv","female","45-54",-2,1,-2,-2,-1,0,-1,-1,NA,-2,1,-2,1,-1,1,1,1,NA,-2,-2,-1,-1,-1,0,1,-2,NA
"489","Tel Aviv","male","45-54",1,1,0,-1,-1,-1,-1,-1,-1,-1,0,-2,0,-2,0,1,1,1,-1,-2,-2,1,NA,-1,1,0,0
"490","South","male","45-54",0,1,-1,1,1,1,-1,-2,-1,-2,0,-2,-1,-2,-1,NA,0,0,-2,-2,-2,1,-2,1,-2,0,0
"491","Haifa","female","45-54",0,NA,-2,1,1,0,-2,-1,-1,-2,-1,-2,NA,-2,-1,1,-1,NA,1,-2,0,-1,-1,NA,-2,-1,-2
"492","Tel Aviv","female","45-54",0,1,0,0,0,-1,-1,-1,-1,-2,-1,-2,-1,-1,-1,0,0,0,0,0,-2,-1,0,-1,0,-1,NA
"493","Tel Aviv","male","45-54",-1,-2,-2,NA,-1,-1,-2,1,1,0,-1,1,1,-1,1,1,1,1,-2,-2,1,-2,-2,1,1,NA,1
"494","Center","female","45-54",0,0,0,-2,1,-2,-2,0,0,0,0,-1,-1,-1,-1,NA,0,-1,0,NA,NA,NA,NA,NA,0,NA,0
"495","Haifa","male","45-54",1,0,-1,0,1,0,-1,-1,0,0,-1,-2,-1,-2,-1,0,0,NA,-2,-2,0,NA,-1,1,1,-1,0
"496","Tel Aviv","male","45-54",2,1,1,1,1,1,-1,1,1,-1,-1,-2,-1,-2,-1,0,1,0,0,1,-1,-2,-1,-1,-1,0,-2
"497","Haifa","female","45-54",1,2,0,1,1,-1,0,1,-2,-2,-1,-2,-1,-2,-1,0,-1,-1,-2,1,0,-2,-1,-1,1,0,-1
"498","Jerusalem","female","45-54",-1,0,-2,1,1,0,-2,-1,-1,-1,-1,1,0,-1,0,0,0,0,NA,-2,-1,1,-2,1,0,0,1
"499","Tel Aviv","male","45-54",0,1,-2,-1,1,0,-2,1,0,0,0,0,0,-1,1,1,0,0,-2,1,-2,-2,1,-2,-2,-1,-1
"500","North","male","45-54",1,1,0,1,1,0,-2,0,0,0,0,0,0,0,-1,0,-1,-1,-1,0,-1,-1,-1,-1,-1,0,0
"501","South","male","45-54",1,0,-1,0,1,0,-2,-1,0,-2,0,-2,1,-2,1,1,-1,1,-2,-2,-1,-2,0,0,1,-2,1
"502","Tel Aviv","male","45-54",2,1,0,0,1,0,0,1,0,-1,1,0,0,-2,-2,1,1,1,-2,NA,-1,-1,0,-1,-1,0,0
"503","Tel Aviv","female","45-54",1,1,0,1,1,1,1,NA,-1,-2,-2,NA,-1,-1,-1,NA,-1,-1,0,0,NA,0,-1,-1,-1,0,-1
"504","Tel Aviv","male","45-54",-1,0,-2,1,-2,-1,-1,0,1,0,1,1,1,-1,1,1,1,1,-2,-2,-2,-1,0,1,1,0,-1
"505","Tel Aviv","female","45-54",0,1,-1,0,1,1,1,-2,-1,-1,0,1,-1,-2,-1,1,-1,1,0,-2,0,NA,NA,1,1,-1,-1
"506","South","male","45-54",2,2,0,0,1,0,-2,-2,1,-2,-1,-2,-1,-1,-2,1,0,-1,-1,-2,1,-2,-2,-1,-2,-1,0
"507","South","female","45-54",-1,0,-1,1,1,1,-1,0,-1,-2,0,-2,0,-1,0,1,1,-1,-2,-2,-1,0,-2,-2,-1,-1,1
"508","Center","female","45-54",0,0,0,NA,1,-2,-2,0,NA,NA,0,NA,NA,-2,0,NA,NA,NA,-1,0,0,-2,NA,NA,NA,-1,-2
"509","Jerusalem","male","45-54",0,2,-2,0,0,0,-2,-2,1,-2,1,-1,1,-1,1,1,0,0,-2,-2,-1,1,-2,0,-2,0,-1
"510","Tel Aviv","female","45-54",1,2,0,NA,1,0,NA,1,-1,-2,-1,-2,-1,-2,-1,0,-2,-2,0,-2,-2,-2,1,NA,-2,-2,-1
"511","Tel Aviv","female","55-64",0,2,-2,1,1,1,-2,-1,1,1,0,1,1,-1,1,1,0,1,-2,1,-2,-2,1,-2,0,0,-1
"512","Judea and Samaria","male","55-64",0,1,-1,0,NA,0,-2,-1,-1,1,-1,NA,-1,-1,-1,-1,-1,1,-1,-2,0,-1,-1,-1,-1,-1,-1
"513","South","female","55-64",0,0,-1,0,1,1,NA,1,0,NA,0,0,1,-2,0,NA,1,1,-2,-2,1,-2,1,NA,1,NA,1
"514","South","male","55-64",2,2,0,1,1,0,-1,NA,0,-1,-2,-2,-1,-2,-2,-2,-1,-1,-1,0,NA,-2,1,-2,NA,-2,-2
"515","South","female","55-64",2,2,0,1,1,1,0,-1,0,0,0,0,-1,1,0,0,-1,-1,-1,1,-2,-2,1,-2,-2,0,0
"516","Center","female","55-64",1,2,-1,1,1,0,-2,-1,0,-1,0,-1,1,-1,0,0,1,0,-2,1,-1,-1,0,-2,-1,0,0
"517","South","male","55-64",1,2,-1,1,1,1,-1,-1,0,-1,0,0,-1,-1,0,0,1,0,-1,0,-1,-1,-2,0,0,0,1
"518","Jerusalem","male","55-64",2,1,0,0,1,1,-1,1,0,0,0,0,-1,-2,-1,-1,-1,-1,-1,0,-1,-2,1,-1,-2,-1,-1
"519","Haifa","female","55-64",0,1,-1,1,0,0,-2,1,0,NA,1,-1,1,-1,1,1,-1,0,-2,1,-1,-2,0,0,1,0,-1
"520","South","female","55-64",0,0,-1,-1,-1,-2,-1,0,0,0,-1,0,0,-2,0,NA,0,0,-2,-2,1,0,-1,NA,-2,NA,NA
"521","Tel Aviv","female","55-64",1,0,-1,0,1,0,-2,1,0,-2,-2,-2,0,-2,0,-1,0,0,0,-2,-2,-2,1,-2,-1,-1,-1
"522","Haifa","female","55-64",0,1,-1,1,0,-1,-1,1,0,1,0,0,0,-2,0,-1,0,0,0,0,0,-2,1,-1,0,-1,-1
"523","South","female","55-64",0,0,-1,-2,1,-2,-2,NA,0,-2,-2,0,0,-2,1,-2,0,1,0,-1,-1,-2,-1,0,0,0,-1
"524","Jerusalem","female","55-64",1,2,-1,1,1,0,-1,-1,-1,-1,0,-1,-1,-1,-1,-1,1,1,1,-2,-1,-2,1,0,-1,1,-1
"525","Jerusalem","male","55-64",2,1,0,1,1,0,0,0,0,0,-1,0,-1,-1,-1,-1,0,0,1,-2,0,-2,1,-2,-1,-2,-1
"526","Jerusalem","female","55-64",0,-2,0,1,1,1,-2,1,-1,0,0,-1,0,-2,-1,-1,0,0,-1,-1,NA,-2,1,0,1,0,-1
"527","North","female","55-64",NA,1,0,-1,1,-1,-1,-1,0,0,0,-2,-1,-2,0,-1,0,0,-2,1,-1,-1,-1,-1,1,-1,-1
"528","Jerusalem","female","55-64",0,0,-1,-1,0,0,-2,1,0,0,0,0,-1,-2,-1,-1,0,0,-1,0,0,-2,NA,0,-1,-1,1
"529","Tel Aviv","female","55-64",1,0,-1,0,1,-1,0,0,0,0,0,-2,0,-2,1,NA,0,1,-1,-2,1,-2,1,0,-2,0,-1
"530","Haifa","male","55-64",2,2,1,0,1,0,-1,1,-1,-1,-2,-1,-2,-2,-2,-2,-1,-2,1,-2,1,-2,-2,-2,-2,-2,-2
"531","North","female","55-64",0,0,-2,-1,1,-1,-1,1,0,0,1,-2,0,-2,0,0,0,0,1,1,1,-2,1,-1,1,1,-1
"532","Haifa","female","55-64",0,-1,0,1,1,-1,-2,1,-1,-1,-1,-2,-1,-2,-1,-1,-1,-1,0,1,-2,-2,1,0,NA,0,-1
"533","Jerusalem","female","55-64",0,-2,0,0,1,-1,-2,1,1,-2,0,-2,1,-1,-1,1,0,1,0,-1,1,-1,0,-1,1,-1,1
"534","Center","male","55-64",0,0,0,0,1,0,-1,0,-1,-2,-1,-2,-1,-2,-1,-1,-1,-1,0,1,-2,-2,1,-2,-1,-2,0
"535","South","female","55-64",0,0,-2,1,1,1,-1,-2,0,0,1,-2,0,-2,0,0,-1,0,-2,1,-1,0,-2,0,1,1,1
"536","Tel Aviv","male","55-64",0,2,NA,-1,1,0,-1,1,0,0,0,0,0,-2,0,-1,0,0,-2,-1,-1,-2,1,0,0,-1,NA
"537","Haifa","female","55-64",0,2,-2,1,-1,0,-2,-2,-1,-1,-1,NA,-1,-2,0,1,0,0,0,-2,-2,1,-2,0,NA,-1,-1
"538","Tel Aviv","female","55-64",1,1,0,1,1,0,0,1,1,0,-2,-1,1,-2,0,1,1,1,1,0,-1,-1,1,-1,1,-2,1
"539","Haifa","female","55-64",-1,1,-1,-2,0,-1,-1,1,0,0,0,0,0,0,0,0,0,0,1,0,-1,-2,1,-2,-1,1,0
"540","Center","female","55-64",2,1,0,1,1,0,-2,NA,0,-2,0,-2,-1,-2,-2,0,0,1,-1,1,-2,-2,1,0,1,0,1
"541","North","male","55-64",1,1,-1,0,1,0,-1,-1,0,-2,-2,-2,1,-2,1,0,-1,0,1,0,-2,1,1,1,-1,0,-2
"542","Tel Aviv","female","55-64",0,1,-1,0,1,0,-1,0,-1,NA,-1,-2,-1,-2,-1,-1,-1,NA,-1,1,-2,-2,1,-2,0,-1,NA
"543","Tel Aviv","male","55-64",0,NA,NA,1,1,1,-1,-2,NA,-1,-1,1,-1,-1,0,NA,0,NA,0,-2,-1,1,-2,0,-2,-1,-1
"544","Tel Aviv","male","55-64",1,1,0,1,1,1,-1,1,-1,-1,0,-1,-1,-2,-2,-1,-2,0,0,-2,-2,-2,1,-1,-1,-1,-1
"545","Tel Aviv","female","55-64",1,1,0,1,1,-1,0,-1,0,-1,-1,-1,-1,-2,-1,0,0,0,-1,-1,-2,-2,-1,0,-1,-1,-1
"546","Haifa","female","55-64",0,1,-1,1,0,-1,-1,-1,1,-1,-2,-2,-2,-2,-1,0,-1,-1,-1,1,-2,-2,0,0,-2,-2,-2
"547","Tel Aviv","male","55-64",0,NA,0,0,1,-1,-1,1,-1,-2,-2,-1,-1,-1,-1,-1,-1,-1,-1,-2,-2,-1,-2,-1,1,-2,-2
"548","North","female","55-64",1,1,-1,0,1,0,-1,0,0,-1,-1,-2,0,-2,0,1,0,-1,-1,0,-2,-2,0,-1,-1,-1,-1
"549","Tel Aviv","female","55-64",1,0,-2,1,1,0,0,0,-1,0,0,-2,0,-2,0,1,0,1,-2,1,0,-2,0,0,1,-1,-1
"550","Center","male","55-64",1,1,0,1,1,0,-2,1,0,-2,0,-2,-1,-2,-1,-1,0,0,0,-2,-2,-2,0,-1,-1,0,0
"551","Tel Aviv","female","55-64",-1,-1,-2,1,-1,0,-2,1,0,NA,1,-1,1,NA,1,0,1,1,-2,NA,0,1,0,1,0,1,-1
"552","Center","male","55-64",0,1,-2,1,0,0,0,-1,-1,-2,-1,-2,0,-1,1,0,0,0,-1,0,-2,-1,0,-1,-1,-1,-1
"553","North","female","55-64",0,1,-1,1,1,0,-1,1,-2,-2,1,-2,0,-1,0,0,-1,-1,-2,1,-1,-1,-2,1,0,0,1
"554","Center","female","55-64",1,1,-1,0,1,0,-1,1,-1,-2,0,-1,0,-1,-1,0,-1,0,0,1,-1,-2,1,-1,0,-1,-1
"555","Center","male","55-64",0,2,0,0,1,0,-1,-1,-1,-2,-1,-2,-1,-2,-1,-1,-1,-2,-1,-1,-2,-2,0,-2,-1,-1,-1
"556","South","male","55-64",-1,0,-1,0,0,-1,-1,-1,-1,-1,-1,-2,0,-1,0,-1,-1,0,-2,-2,-1,0,-1,-1,-2,-1,0
"557","Jerusalem","male","55-64",1,2,0,1,1,0,0,-1,-1,-1,0,-2,-2,-2,0,0,0,-1,-1,1,-2,-2,-1,-2,-1,1,-1
"558","Tel Aviv","male","55-64",1,1,-1,1,1,0,-1,0,0,-2,-1,-2,-1,-2,-1,0,1,0,1,-2,-2,-2,1,0,0,-1,0
"559","North","female","55-64",-1,0,-2,0,1,0,-2,1,0,1,0,-2,1,-2,1,0,1,1,-2,-2,1,-2,1,0,1,0,0
"560","Center","female","55-64",0,1,-1,1,1,-1,0,0,-1,-1,-1,-1,0,-1,0,NA,0,0,-1,-1,NA,-2,1,0,1,-1,0
"561","North","female","55-64",0,0,-2,1,1,1,-1,1,1,0,1,-2,1,0,0,1,0,0,0,1,-2,-2,1,-2,0,1,0
"562","Center","female","55-64",-1,1,-1,0,1,0,-1,-2,-1,-2,-1,-2,0,-1,0,0,0,0,-1,-1,-1,0,-2,0,0,-1,-1
"563","Haifa","female","55-64",0,1,-1,0,1,0,-1,-1,-1,-2,0,-2,0,-2,0,0,0,0,-1,-1,-1,-2,0,1,0,-1,-1
"564","Center","male","55-64",1,1,-1,0,NA,-1,-1,0,-1,-1,-1,-1,0,-1,0,-1,-1,0,-1,-1,0,0,-1,0,0,-1,-1
"565","South","female","55-64",0,0,0,0,-1,0,-2,-1,-1,NA,-1,-2,-1,-1,-1,NA,-1,-1,1,0,0,-1,-1,-2,-2,-1,0
"566","Jerusalem","male","55-64",0,2,-2,1,1,1,0,-2,-1,-2,-2,-2,-1,-2,0,1,1,-1,0,-2,-1,-1,-1,-1,1,-1,-1
"567","North","female","55-64",0,1,0,0,1,-2,-2,0,0,0,0,NA,1,-2,0,-1,-1,NA,-1,NA,-1,-1,1,NA,1,0,-1
"568","Tel Aviv","female","55-64",0,2,-2,0,1,1,0,-2,-1,-2,-1,-1,0,-1,0,NA,-1,NA,0,-2,-2,0,-1,-2,-2,NA,NA
"569","Jerusalem","male","55-64",0,0,-2,1,1,1,-1,0,0,-2,-1,-2,0,-2,0,1,0,-1,0,-2,-2,1,-2,-1,-1,-1,-1
"570","Tel Aviv","male","55-64",-2,-2,-2,NA,NA,1,-2,-1,1,1,1,-2,1,-2,1,1,1,1,-2,1,-1,-2,1,-1,1,1,1
"571","North","male","55-64",1,1,-2,1,1,0,-1,1,0,-1,-1,-2,-1,-2,0,1,1,0,-2,-2,-2,-2,1,-1,0,-1,0
"572","Center","male","55-64",1,1,-1,1,1,0,-1,-2,-1,-2,0,-1,-1,-2,0,1,-1,-1,0,-2,-2,-1,-1,-1,-1,-1,-1
"573","Tel Aviv","female","55-64",2,1,1,1,1,1,-1,0,0,-1,-1,-2,-1,-2,-1,1,-1,-1,0,-2,-2,-2,-1,-2,-2,-1,-2
"574","Center","male","55-64",1,1,0,0,0,1,-1,1,0,-1,0,-2,0,-2,-2,0,0,0,0,1,-1,-2,-1,0,-2,-1,-1
"575","North","male","55-64",0,1,0,0,0,0,-1,-1,-1,-1,0,-1,0,-2,-1,0,0,-1,0,-1,-1,0,-1,0,-1,-1,1
"576","Tel Aviv","female","55-64",0,1,-2,1,0,-1,-2,-1,1,-1,1,-2,1,-2,0,1,-1,1,1,1,-2,-2,1,-2,1,1,1
"577","Judea and Samaria","female","55-64",1,1,-1,1,1,0,-1,-1,0,-2,1,-1,0,-2,0,1,1,1,-2,-2,-2,-2,1,1,0,1,0
"578","South","male","55-64",0,0,-1,0,0,0,NA,1,0,-2,NA,-1,1,-2,-1,1,1,-1,1,-2,-2,-2,1,-2,-1,1,-1
"579","Jerusalem","female","55-64",-1,1,-2,-1,-1,-1,-2,0,1,0,0,-1,1,0,1,1,1,1,-1,0,NA,-1,0,NA,0,0,0
"580","Haifa","male","55-64",-1,1,-1,0,0,0,-2,1,-1,NA,-2,-2,1,-2,0,-1,-2,-2,-2,-2,-2,-1,0,1,-1,-2,-1
"581","Tel Aviv","female","55-64",0,1,-2,1,-1,1,0,-2,-2,-2,-2,-2,-1,-1,0,1,1,0,0,-2,-2,1,-2,-1,0,-1,-1
"582","Tel Aviv","female","55-64",0,1,0,0,0,0,-1,NA,0,-1,-1,-2,-1,-1,-1,NA,0,-1,NA,NA,NA,NA,NA,0,NA,-1,-1
"583","Center","female","55-64",0,2,-1,1,0,0,-2,1,0,0,1,-2,0,-1,0,1,1,0,-2,0,0,-1,0,-1,0,0,1
"584","Center","female","55-64",1,0,-1,0,0,-1,NA,-1,0,-1,NA,-1,-1,-1,0,1,NA,NA,-1,0,NA,-1,0,0,NA,NA,NA
"585","Haifa","female","55-64",0,0,-1,0,1,0,-1,-1,-1,-1,-1,-1,-1,-2,0,0,0,0,-1,-2,0,-1,0,0,0,-1,0
"586","Center","female","55-64",-2,-2,-2,-1,1,0,-1,-1,0,0,0,-2,0,-2,1,1,1,1,1,1,-1,-2,-2,0,0,0,0
"587","North","female","55-64",0,0,-2,NA,1,-2,-1,-1,-1,-1,0,-1,1,-1,1,1,NA,-1,-2,-2,0,0,-1,-1,1,0,-1
"588","Tel Aviv","male","55-64",2,2,-1,-1,1,-1,-1,1,0,-2,-2,-2,-2,-2,-2,0,0,-1,-1,1,-1,-2,0,0,-2,-1,-1
"589","Tel Aviv","female","55-64",-1,1,-2,1,-1,0,-2,1,0,-1,-1,-1,1,-1,1,1,1,1,-2,-1,0,0,-2,0,1,0,1
"590","Tel Aviv","female","55-64",1,NA,-1,0,1,-1,-1,1,-1,-1,-1,-1,-1,-2,-2,-2,-2,-2,0,-2,0,1,-2,0,0,-1,-1
"591","Tel Aviv","male","55-64",0,2,-1,1,1,0,-1,1,-2,-2,0,-2,0,-2,0,1,-1,-1,-1,1,-1,-2,1,0,0,-1,-1
"592","Jerusalem","female","55-64",0,1,-2,-1,1,0,0,-2,0,-1,0,-1,0,NA,0,1,0,0,-2,-2,-2,-1,-2,-2,-1,0,0
"593","Haifa","male","55-64",1,2,-1,1,1,1,-2,0,1,-1,-1,-1,-1,-1,-1,-1,1,1,0,0,-1,-2,-1,-1,-1,-1,-1
"594","Haifa","female","55-64",2,2,0,1,1,-1,-1,-1,1,-2,-1,-2,0,-2,-1,1,0,-1,-2,0,-1,0,-1,1,0,-1,1
"595","Haifa","female","55-64",1,2,-1,0,0,0,0,-1,0,-1,0,0,0,0,0,0,0,0,NA,0,-1,-1,0,-1,-1,-1,0
"596","Haifa","female","55-64",1,1,0,0,0,0,-1,0,0,-1,-1,-1,-1,-1,-2,-1,-1,-1,0,-2,0,-1,0,-1,-1,-1,-1
"597","Center","female","55-64",0,1,-1,1,1,0,-2,1,0,-1,-1,NA,1,-1,0,1,1,-1,0,-1,-2,-2,0,1,-1,-1,1
"598","Haifa","female","55-64",0,0,-1,NA,1,NA,-1,0,NA,NA,NA,NA,NA,NA,1,0,0,1,-1,-1,NA,-2,0,-1,0,0,0
"599","Tel Aviv","female","55-64",-2,1,-2,0,0,1,-2,-2,1,0,1,-2,0,-2,0,1,1,1,1,0,-2,-1,0,1,-1,-1,-1
"600","Haifa","male","55-64",1,1,0,0,1,0,-1,-1,0,-1,-1,-2,-1,-2,-1,0,0,0,-1,0,-2,1,-2,-1,-2,-1,-1
"601","Haifa","male","55-64",-2,0,-2,-2,-2,-1,-2,0,-1,-2,1,1,1,1,1,1,-1,1,1,1,-1,-2,-1,-2,-2,1,1
"602","North","male","55-64",-2,1,-2,NA,0,1,-1,-1,0,-1,-1,-1,0,0,1,0,0,0,1,-2,-2,1,-2,-1,1,1,-1
"603","Haifa","male","55-64",1,1,0,0,1,0,-1,-2,-1,-2,-1,-1,0,-2,0,1,0,-1,-2,-2,-2,-2,1,-2,1,-1,1
"604","North","male","55-64",1,1,0,1,1,0,-2,-1,-1,-2,-1,-2,-2,-2,-1,-1,-1,-1,0,-1,0,-2,-1,-1,-1,-1,-1
"605","South","female","55-64",-1,1,-2,-1,1,-2,-1,-2,1,0,0,0,0,-1,0,1,0,0,-2,-2,-2,1,-2,1,1,NA,0
"606","Haifa","male","55-64",1,2,-1,-2,-1,-2,-2,-2,0,0,-1,-2,1,-1,0,1,-1,0,0,-2,-2,-2,-2,1,1,0,NA
"607","Center","male","55-64",2,2,1,1,1,1,-2,-1,-1,-2,-1,-2,0,-1,-1,0,-1,-1,-2,-2,0,-2,1,-1,0,-1,1
"608","Haifa","female","55-64",1,1,NA,0,1,-2,-1,1,-1,1,-1,NA,-1,-2,-1,1,-2,-1,-1,1,-2,-2,1,0,NA,0,0
"609","Center","female","55-64",0,-1,-1,1,1,0,-1,0,0,0,0,NA,0,-1,0,1,0,0,-1,-1,-2,-2,1,0,-1,0,1
"610","Tel Aviv","male","55-64",1,1,-1,1,0,1,-1,-1,0,-1,0,-1,0,0,0,0,0,-1,-2,-2,-2,1,-2,0,1,-1,NA
"611","Tel Aviv","female","55-64",0,1,-2,0,-1,0,0,-2,0,-1,0,-1,0,-1,0,1,0,0,-1,-1,-2,0,-1,-1,0,0,-1
"612","Haifa","female","55-64",2,2,NA,1,1,0,0,1,-1,-2,-2,NA,-1,-2,-2,-2,-1,-1,1,-2,-2,-2,1,-2,-2,-1,0
"613","Haifa","female","55-64",-1,0,-1,-1,-1,-1,-1,0,0,0,0,0,0,0,0,0,0,0,0,0,-1,-1,0,0,1,0,0
"614","North","female","55-64",0,0,-2,1,1,-1,-2,1,0,-2,0,-2,1,-2,1,1,0,1,-2,1,-1,-1,0,-2,-1,1,0
"615","Haifa","male","55-64",-2,2,-2,-2,-2,1,-2,-2,0,-1,1,0,1,1,1,1,-1,1,-2,-2,1,1,-2,1,1,1,0
"616","Jerusalem","male","65+",NA,NA,-2,NA,NA,0,-2,1,1,1,1,1,1,0,1,0,1,1,-2,-2,0,-2,1,1,1,1,0
"617","Tel Aviv","female","65+",0,1,0,0,1,-1,NA,-1,1,0,0,-1,0,-1,0,0,1,0,0,-2,NA,-2,0,NA,-1,-1,-1
"618","Tel Aviv","female","65+",1,2,-1,1,0,1,-2,1,1,1,-1,1,1,-2,-1,-1,1,1,-1,-2,-2,-2,1,1,0,-1,1
"619","Tel Aviv","female","65+",-1,-1,0,1,1,1,NA,1,NA,0,-2,-2,0,-2,-2,1,NA,NA,NA,1,-2,-2,1,NA,NA,NA,-2
"620","Center","male","65+",0,-2,-2,-2,1,1,1,1,NA,-2,-2,-2,-2,-2,-2,-2,-2,-2,0,-2,-2,-2,1,-2,-2,-1,-1
"621","Center","female","65+",0,-1,-2,1,-1,0,-2,1,0,0,-1,-1,0,-2,1,0,-1,NA,-2,1,-2,-2,1,-2,1,1,1
"622","Tel Aviv","male","65+",2,2,1,1,1,0,0,1,1,-2,-2,-2,-2,-2,-2,-1,1,0,-2,1,-2,-2,1,0,-1,-2,1
"623","Jerusalem","female","65+",2,1,0,0,1,0,-1,1,1,0,0,1,0,-1,0,0,1,1,-1,1,1,-2,1,0,1,-1,-1
"624","South","female","65+",0,0,-1,-1,0,0,-2,-1,1,0,NA,-2,0,-1,0,0,0,0,1,1,-2,NA,NA,NA,NA,NA,NA
"625","South","female","65+",0,1,0,1,1,-1,-1,NA,1,-1,-1,-2,-2,-2,-1,-1,1,NA,-2,1,-1,-2,1,-2,NA,NA,0
"626","Tel Aviv","female","65+",0,1,-1,1,1,NA,-2,1,NA,1,1,NA,1,-2,1,0,NA,1,-2,-2,1,-1,0,1,-2,-1,-1
"627","Tel Aviv","female","65+",-2,0,-2,1,1,1,NA,-2,0,0,-2,1,1,-2,1,0,NA,-1,-2,-2,-2,-1,1,0,-1,-2,1
"628","Jerusalem","female","65+",0,0,-1,-2,1,-2,-2,1,0,-1,-1,-1,-1,-1,-1,-1,1,NA,1,-1,-1,-1,0,0,-1,-1,-1
"629","Tel Aviv","female","65+",1,-1,-1,0,1,-1,-2,-1,0,0,1,-2,1,-2,1,0,1,NA,-2,1,0,NA,NA,-1,1,0,0
"630","Center","female","65+",0,0,-1,1,1,-1,-2,0,-1,0,1,-2,0,-2,0,-2,0,0,1,1,-1,-1,0,NA,1,0,-1
"631","Haifa","female","65+",0,0,-1,0,1,-1,-2,1,0,0,0,NA,-1,-2,-1,0,0,0,0,1,-1,-2,1,-1,NA,-1,0
"632","Haifa","female","65+",0,0,0,1,1,1,-1,1,0,0,1,-2,0,-2,1,1,0,0,-2,NA,-2,-2,0,-1,1,0,0
"633","Tel Aviv","female","65+",1,-1,0,0,1,-1,-2,NA,0,-2,-1,-2,NA,1,0,1,1,-1,-1,NA,-2,-2,-2,NA,NA,-2,NA
"634","Jerusalem","male","65+",1,1,NA,0,1,0,0,-1,1,-2,-1,1,0,-1,0,0,0,0,0,-1,-1,-1,-2,0,-1,0,-1
"635","South","female","65+",-2,2,NA,0,1,-2,-2,1,1,-1,NA,-2,-1,-2,NA,1,0,NA,-2,NA,-1,-2,1,0,1,NA,1
"636","Center","female","65+",0,-1,-1,1,1,0,1,1,0,-2,-1,-2,0,-2,0,0,0,0,0,0,-1,-2,1,-2,-1,0,0
"637","North","female","65+",0,0,0,0,1,0,0,1,0,1,1,-2,0,-2,0,0,0,1,-2,1,-2,-2,1,0,1,0,-1
"638","Jerusalem","male","65+",2,2,NA,1,1,1,-1,1,0,-1,0,1,1,-1,-1,1,1,1,-2,1,-1,-2,1,1,0,0,-1
"639","Center","female","65+",2,-1,0,0,1,-2,0,1,0,-2,-1,-2,-2,-2,-2,NA,-1,-1,0,1,0,-2,1,-1,-2,-1,0
"640","North","female","65+",0,1,0,1,1,0,-1,1,0,-1,-1,-2,0,-2,0,0,0,0,-1,1,1,-2,1,NA,0,-1,-1
"641","South","female","65+",1,1,0,0,0,0,-2,0,1,NA,-1,-1,-1,-2,-1,-1,0,0,NA,-1,-1,-1,0,0,-1,-1,-1
"642","Tel Aviv","female","65+",0,0,0,0,1,-1,-1,-1,0,-2,-1,-2,0,-2,-1,-1,0,0,1,0,-2,-1,0,0,-1,0,-1
"643","Tel Aviv","male","65+",NA,2,-1,1,1,1,-1,0,0,-2,-2,-2,-2,-1,0,1,1,1,-2,0,-2,NA,-2,0,0,-1,0
"644","South","male","65+",1,1,1,1,1,0,NA,1,0,0,-1,NA,0,-1,0,NA,0,0,-1,0,-1,-2,1,-1,-1,0,-1
"645","Center","female","65+",0,1,0,1,1,-1,-1,0,0,-1,0,-2,0,-1,0,1,0,0,-1,0,-2,-2,1,-1,1,-1,NA
"646","Tel Aviv","female","65+",1,1,0,0,1,0,-1,0,-1,-1,-1,-1,0,-2,-1,0,0,0,-1,0,-1,-2,0,-1,1,-1,-1
"647","Tel Aviv","female","65+",1,1,1,1,1,1,-1,1,NA,-2,-2,-2,-2,-2,-1,0,-1,NA,0,-2,0,-2,1,0,NA,-2,-2
"648","Haifa","female","65+",1,-1,0,1,1,0,-1,1,0,-2,NA,-2,-1,-2,-1,NA,-1,0,0,-1,-2,1,-2,-2,-1,NA,NA
"649","South","female","65+",0,1,-1,1,-1,0,-1,-2,0,-1,NA,NA,0,-1,0,1,0,0,-1,-1,-2,-1,NA,0,1,0,-1
"650","Tel Aviv","female","65+",1,1,0,-1,1,-2,-2,0,1,-2,-2,-2,NA,-2,0,-2,NA,0,0,-2,0,-2,1,0,-1,-1,-1
"651","Center","male","65+",2,2,1,1,1,0,-2,1,0,-2,-1,-1,-1,-2,-2,-1,0,-1,0,-2,-2,-2,1,-2,0,-1,-2
"652","Haifa","female","65+",0,1,-1,0,1,0,-1,-1,0,0,-1,-1,0,-2,-1,-1,-1,0,1,1,-1,NA,NA,NA,0,NA,NA
"653","Center","male","65+",1,1,0,1,1,1,-1,1,0,-1,1,-1,NA,-1,-1,-1,1,1,0,0,-2,-2,0,1,-1,0,-1
"654","North","female","65+",NA,1,NA,1,0,-2,-2,NA,0,-1,1,0,0,-2,1,NA,-1,NA,-2,-1,-2,NA,0,1,1,NA,1
"655","Tel Aviv","male","65+",1,1,-1,1,1,0,-1,0,1,-2,0,-1,-1,-2,0,1,0,0,-1,-1,-1,-2,-2,-1,-2,-1,-1
"656","Tel Aviv","female","65+",1,1,-1,0,1,0,-1,-1,0,-2,1,NA,1,-1,0,1,0,0,-1,1,-2,-2,1,-2,1,-1,-1
"657","Jerusalem","male","65+",2,1,0,1,1,1,-2,-1,-1,-2,-1,-1,-1,-2,-1,0,0,-1,0,-2,-1,1,-2,-1,-2,-1,-1
"658","Haifa","male","65+",0,1,0,0,1,0,-2,-1,-1,-1,0,NA,0,-1,-1,1,0,-1,-1,-2,0,1,-2,-1,-1,0,1
"659","Tel Aviv","male","65+",0,1,-1,1,1,0,-1,0,-1,-1,0,-1,0,-1,0,0,0,0,0,0,-1,0,-1,0,1,0,NA
"660","South","female","65+",0,1,-1,1,0,0,-2,-1,-1,-2,1,-1,0,-1,1,1,1,1,-2,-2,-1,-1,NA,-1,1,-1,1
"661","Haifa","female","65+",1,1,-2,0,1,-1,-2,-1,0,-2,0,0,0,-2,NA,1,0,0,-1,1,NA,-1,0,-1,0,-1,-1
"662","Haifa","female","65+",1,1,-1,1,1,0,-1,-1,0,-1,-1,-2,0,-2,-1,1,-1,-1,0,1,-1,-2,1,-1,-1,0,-1
"663","North","male","65+",0,0,0,0,NA,0,-2,1,-1,-2,-1,-2,0,-2,-1,NA,0,-1,1,1,-2,-2,1,-1,1,-2,-2
"664","North","female","65+",-1,1,-2,1,-2,1,-1,-2,-1,-2,0,-2,0,-1,0,1,0,0,-1,-2,-1,1,-2,1,0,-1,-1
"665","North","male","65+",0,1,-1,1,0,0,-1,-2,0,-1,0,-1,0,-1,0,1,-1,0,-1,-2,-2,-1,-1,-1,0,0,0
"666","Tel Aviv","male","65+",0,2,-2,1,0,0,-1,-2,-1,-1,0,-1,1,-2,1,NA,0,-1,-2,-1,-1,-1,0,-1,-1,0,-1
"667","Tel Aviv","female","65+",0,0,-1,NA,1,-1,-2,-1,0,-2,-2,NA,0,-1,-1,1,-1,NA,-1,-2,-1,1,0,1,1,0,1
"668","Tel Aviv","male","65+",0,1,0,1,1,0,0,-1,-1,-1,0,0,0,-2,0,1,0,0,-1,NA,-1,NA,0,-1,1,-1,-1
"669","North","male","65+",-2,-1,-2,1,1,1,-1,-1,0,0,0,0,0,-1,0,1,1,0,-2,0,-1,0,-1,1,1,1,-1
"670","Center","male","65+",0,1,-2,0,0,1,-1,1,-2,-2,-1,-2,-1,-2,0,0,0,0,-2,1,-2,-1,1,-1,1,-1,-1
"671","Haifa","male","65+",1,1,-1,0,0,0,-1,1,NA,-1,-1,-2,0,-1,0,1,0,0,-1,0,-1,-1,0,-1,0,NA,NA
"672","North","male","65+",0,1,-1,1,1,1,-1,0,-2,-2,0,-2,-2,-2,-2,NA,0,-2,1,-2,-2,-2,1,-2,-2,-1,-1
"673","Tel Aviv","male","65+",1,1,0,0,1,0,-2,-1,-1,-2,-1,-2,0,-2,0,0,-1,-2,1,0,-2,1,-2,-1,1,-1,1
"674","Center","female","65+",0,1,-1,0,1,0,-1,0,-1,0,-1,0,0,-2,0,0,0,0,-1,1,-1,-2,0,1,0,-1,-1
"675","Haifa","female","65+",0,2,-2,1,1,0,-1,-2,0,-1,0,-2,0,-2,0,1,-2,-1,-1,-2,-2,-2,-1,-2,0,-1,0
"676","Center","male","65+",1,1,0,0,1,0,-1,-1,1,-1,0,0,0,-2,0,1,1,0,-1,-1,-1,0,-1,0,1,-1,-2
"677","Haifa","female","65+",0,1,0,0,0,0,-2,1,-1,NA,-1,-1,NA,0,NA,NA,-2,NA,0,0,-1,-2,0,NA,0,-1,-1
"678","South","male","65+",0,1,-1,0,1,-1,-2,-1,-1,-1,0,-2,-2,-2,0,1,0,0,-1,1,0,-2,-1,-2,0,1,0
"679","Center","male","65+",0,0,-2,1,0,0,-2,0,0,-2,0,-2,1,-2,0,0,-1,-1,-2,0,-1,-2,-1,0,1,0,1
"680","Tel Aviv","female","65+",2,2,-2,1,1,1,-2,-2,1,-2,-2,NA,1,-2,1,1,0,1,-2,1,0,-2,1,-1,1,-1,1
"681","Tel Aviv","female","65+",-1,0,-2,-1,0,0,-2,-1,-1,-1,1,NA,0,-1,0,0,0,1,-2,-1,0,-2,0,-2,0,0,0
"682","Center","male","65+",1,1,-1,0,1,1,-1,1,0,-1,-1,-1,0,-2,0,0,-2,-1,-1,-2,-2,-2,-1,-2,-2,-1,-1
"683","South","female","65+",0,1,-2,0,1,0,-2,-2,0,-1,0,-2,0,-2,0,1,0,0,-2,-2,-2,-2,1,-1,1,NA,NA
"684","Jerusalem","female","65+",-2,0,-2,1,1,0,-2,1,0,-1,-1,-2,0,-2,0,1,1,-1,1,1,-2,-2,1,1,1,-1,-1
"685","Tel Aviv","female","65+",-2,1,-1,1,1,0,-2,-2,1,-1,0,-2,0,-2,0,0,1,NA,-2,-2,-2,-2,1,1,0,0,0
"686","Tel Aviv","male","65+",-1,0,-1,1,1,1,-1,-2,-1,-2,-1,-1,0,-1,1,1,0,0,-1,-2,-1,1,-2,-1,0,-1,-1
"687","Tel Aviv","female","65+",0,1,NA,1,1,-2,-2,NA,NA,NA,NA,-1,-1,-2,-1,NA,NA,NA,NA,NA,NA,-1,0,NA,1,-1,0
"688","Jerusalem","female","65+",0,1,-1,1,0,0,-1,-1,-1,-2,-1,-1,-1,-1,0,1,1,1,NA,-2,0,1,-2,-1,1,0,0
"689","Haifa","female","65+",0,1,-1,1,1,1,-2,0,0,-2,1,-2,1,-2,1,1,0,0,-2,1,-2,-2,1,1,1,1,0
"690","Judea and Samaria","male","65+",1,1,-1,0,0,1,-1,-1,0,-1,0,-1,-1,-2,0,0,0,0,-1,-1,-2,-2,1,0,0,-1,-1
"691","Tel Aviv","female","65+",1,1,0,1,1,0,-1,-1,0,-2,0,-2,-1,-2,-2,0,-1,0,0,1,-1,-2,1,1,-1,NA,NA
"692","North","male","65+",1,1,-2,0,0,1,NA,-1,-1,0,0,0,0,NA,1,1,0,1,-1,-1,-2,1,-2,1,1,-2,-2
"693","Tel Aviv","male","65+",1,1,-1,1,1,0,-1,0,0,0,-1,-1,-1,-2,-1,0,0,0,-2,1,-2,-2,-2,0,-2,-1,0
"694","Tel Aviv","female","65+",-2,1,-1,1,1,-1,-2,NA,0,-1,NA,-2,1,-2,1,1,1,0,-1,1,NA,-1,0,-1,1,0,0
"695","Haifa","female","65+",1,2,0,1,1,0,0,1,0,0,-1,-2,-1,-2,0,1,1,-1,1,1,-2,-2,1,-1,1,-1,0
"696","South","female","65+",0,-1,-1,-2,0,-1,-2,1,0,0,1,-1,1,-2,-1,NA,0,0,-2,0,-2,-2,1,1,1,1,1
"697","Center","female","65+",1,1,NA,1,1,-1,-1,NA,-1,-2,-1,-1,-1,-2,-1,NA,NA,-1,-1,0,-1,-1,0,0,-2,-1,NA
"698","Tel Aviv","female","65+",-1,2,-2,1,NA,1,-2,-2,-1,-1,NA,-1,0,-1,1,NA,0,NA,NA,-1,-2,1,-2,1,1,NA,-1
"699","Center","male","65+",1,1,-1,0,0,-1,-1,1,0,-2,-1,-2,-1,-2,0,0,0,NA,0,1,-2,-2,-1,-2,0,1,0
"700","Tel Aviv","female","65+",-1,1,-2,NA,0,-1,-2,0,0,-2,-1,-2,0,-2,0,1,0,1,-2,1,NA,-1,1,1,1,0,1
"701","South","male","65+",0,1,-2,0,NA,0,-2,-2,0,-2,-1,-2,0,-1,0,1,-1,0,0,-2,-2,0,-1,1,-1,-1,-1
"702","Haifa","female","65+",1,1,0,1,1,-1,-1,0,0,0,1,-1,0,-1,0,0,NA,NA,-2,1,-1,-2,0,-2,0,0,0
"703","Haifa","female","65+",0,0,-2,1,1,0,0,-1,0,-2,0,-2,0,-2,1,0,0,1,-2,0,-2,-1,1,-2,1,-1,-1
"704","Tel Aviv","male","65+",1,0,-1,1,1,0,-2,-1,-1,-1,0,-2,0,0,0,NA,0,0,1,-2,-2,-2,-1,1,-1,0,0
"705","Haifa","female","65+",0,0,NA,-2,1,0,0,-1,-2,-2,-1,-2,-1,-2,0,0,-1,-1,-1,-2,-2,-2,1,-1,-2,0,-1
"706","Jerusalem","female","65+",0,0,0,1,1,0,0,-1,0,-1,-1,-1,0,-2,0,1,1,0,0,1,-2,-2,0,0,-1,-1,0
"707","Jerusalem","male","65+",0,1,-2,1,-1,1,-1,-1,0,-2,1,-2,0,-2,0,0,0,-1,-2,-2,0,-2,1,-2,1,1,-1
"708","Tel Aviv","male","65+",1,2,0,1,1,1,-1,-1,0,-2,0,-2,-1,-2,-2,-1,0,0,-2,1,0,-2,1,-2,1,-1,-1
"709","Haifa","male","65+",1,1,-2,0,1,0,-1,-1,-1,-1,0,-1,-2,-1,-2,1,0,0,-2,1,1,-1,-1,-1,1,0,0
"710","Center","female","65+",NA,-1,-1,NA,NA,-1,-2,1,1,NA,-1,1,-2,-2,-2,1,-1,NA,NA,NA,-1,-1,NA,NA,NA,NA,-2
"711","South","male","65+",0,1,-1,-1,1,0,-1,-1,-1,-1,-1,-1,0,-2,0,0,0,0,-1,0,-1,-1,-1,0,0,-1,-1
"712","Tel Aviv","male","65+",1,1,-1,1,1,-1,-1,-1,-1,-1,0,-1,1,-1,1,1,1,1,-1,-2,-2,-1,-2,0,0,0,1
"713","North","female","65+",0,1,-1,0,0,0,0,0,0,-1,-1,0,0,-1,0,0,0,0,-1,-1,-1,-1,0,-1,-1,0,-1
"714","Tel Aviv","male","65+",0,1,-2,1,0,0,-1,-1,-1,-1,0,-1,0,-2,1,1,0,-1,-2,NA,-1,-1,0,1,-1,0,NA
"715","Center","male","65+",1,0,0,1,1,1,-2,0,1,0,0,1,0,-1,0,0,0,-1,1,1,1,-2,1,0,1,-1,1
"716","South","male","65+",-1,0,-1,-1,-1,0,-2,1,1,-1,0,-1,1,-1,0,1,1,0,-2,1,-2,-1,0,-1,0,0,0
"717","South","male","65+",0,1,-2,1,-1,1,-1,-1,-1,-1,1,-1,1,1,1,1,1,-1,-2,-1,-1,-2,1,0,1,1,1
"718","Center","female","65+",-1,1,-2,-1,0,0,-2,-1,0,-2,-1,-2,1,-1,1,1,1,0,-2,-2,-2,1,-2,-1,1,0,-1
"719","Center","male","65+",0,1,-2,1,1,0,-1,-1,-1,-1,0,-2,0,-2,0,1,0,1,0,-1,-1,0,-1,-1,-1,0,1
"720","Center","female","65+",0,-1,-1,-2,0,0,-2,0,NA,NA,NA,NA,-1,-1,-1,NA,-1,NA,-2,-2,-2,-2,-2,-2,1,0,1
"721","Haifa","male","65+",0,1,-1,0,0,0,-1,NA,-1,-2,0,-2,-1,-1,0,1,0,0,-1,-1,-1,1,-2,NA,-1,0,NA
"722","North","male","18-24",-1,0,-1,1,1,0,-2,-2,0,-1,0,1,0,-1,0,1,0,0,-1,1,-1,-2,0,0,0,0,NA
"723","Center","male","25-34",0,1,0,0,1,0,-2,0,-1,NA,-1,-1,NA,-2,-1,NA,-1,NA,0,-1,-2,NA,NA,-2,-2,-1,NA
"724","Tel Aviv","male","25-34",0,1,-1,1,0,0,-2,1,0,NA,-2,-2,0,-2,0,NA,-1,NA,-1,0,-2,-2,-2,1,0,-1,NA
"725","Center","male","25-34",NA,1,0,1,0,0,-2,-2,1,NA,NA,-1,NA,-1,0,NA,0,NA,0,0,-2,NA,NA,1,1,0,NA
"726","Center","male","25-34",1,1,NA,0,0,1,-2,1,-1,NA,NA,-1,0,-1,0,NA,0,NA,-1,-1,-1,0,-1,NA,0,0,NA
"727","Center","male","25-34",1,1,0,0,1,-1,-2,0,0,NA,NA,-1,NA,-2,NA,NA,0,NA,-1,-1,-1,0,-1,0,0,NA,NA
"728","Center","male","25-34",0,1,-1,0,1,0,-2,1,0,NA,NA,0,NA,-2,0,NA,NA,NA,-2,NA,-1,-1,-1,-1,1,NA,NA
"729","Haifa","male","25-34",0,-1,-1,0,0,-2,-2,1,1,0,0,0,0,-1,0,1,0,1,-2,1,0,-1,0,1,0,0,1
"730","Center","male","35-44",0,1,-1,0,0,-2,-1,1,1,1,0,1,1,-2,0,1,1,1,-2,0,-2,1,-2,0,1,0,0
"731","Center","female","35-44",1,1,-1,1,1,0,-1,1,0,NA,0,1,NA,-2,NA,NA,-1,NA,-2,1,0,1,1,NA,1,NA,NA
"732","Haifa","female","35-44",-2,1,-1,1,1,-1,-2,NA,0,NA,NA,-1,NA,NA,-1,NA,NA,NA,-2,1,-1,1,-1,NA,1,-1,NA
"733","Haifa","female","35-44",0,0,-1,0,1,0,-2,1,-1,0,1,-1,-1,-2,0,1,-1,0,0,-2,0,-2,1,-2,1,-1,0
"734","Center","female","35-44",0,1,-1,0,0,0,-2,1,0,1,-1,1,1,-1,1,1,-1,1,-1,1,-1,-1,0,-1,0,-1,1
"735","Tel Aviv","female","35-44",0,0,0,1,1,-1,-2,0,0,NA,0,NA,NA,-2,NA,NA,NA,NA,-1,1,NA,1,1,NA,1,NA,NA
"736","Haifa","female","35-44",-1,-1,-2,-2,-2,-1,-2,-1,1,NA,1,1,NA,-1,1,NA,1,1,-2,1,0,0,0,-2,1,1,NA
"737","Judea and Samaria","female","35-44",-1,1,-2,1,1,0,-2,-2,1,NA,1,1,1,1,1,NA,-1,-1,-2,1,1,-1,-2,1,1,-1,NA
"738","Center","female","35-44",0,1,-1,1,1,0,-2,0,0,NA,-1,0,NA,-2,0,NA,NA,NA,-1,0,NA,-1,0,-2,1,NA,NA
"739","Center","female","35-44",1,1,-1,1,1,-1,-2,-1,-1,NA,0,-1,NA,-1,-1,NA,-1,NA,NA,1,NA,1,-2,0,0,NA,NA
"740","Center","female","35-44",0,1,-1,1,1,0,-2,0,-1,NA,0,0,NA,-2,NA,NA,-2,NA,0,1,NA,NA,NA,NA,0,NA,NA
"741","Jerusalem","male","35-44",-1,0,0,1,1,-1,-2,0,0,NA,NA,0,NA,NA,NA,NA,NA,NA,-2,1,-2,0,-1,NA,1,-1,0
"742","Center","male","35-44",0,0,-1,0,-1,-1,-2,-1,0,NA,0,1,NA,-2,NA,NA,0,NA,-1,-1,0,-1,-1,0,0,NA,NA
"743","Tel Aviv","male","35-44",0,0,-1,0,0,-1,-2,0,0,NA,0,-1,NA,-2,0,NA,NA,NA,-2,1,0,0,-1,-1,0,-1,NA
"744","Center","male","35-44",0,1,0,NA,1,0,-2,0,0,NA,NA,-1,NA,-2,NA,NA,-2,NA,NA,NA,NA,NA,NA,0,-1,NA,NA
"745","Center","female","35-44",1,2,0,1,1,0,-2,0,-2,NA,-1,-2,NA,-2,NA,NA,-2,NA,-1,-1,0,1,-2,-2,-1,-1,NA
"746","Jerusalem","female","35-44",0,1,1,0,0,0,-2,0,0,NA,NA,NA,NA,-2,-1,NA,-1,-1,NA,1,0,0,-1,-1,0,0,NA
"747","Tel Aviv","female","35-44",0,0,0,1,0,-1,-2,1,-2,NA,1,-1,-1,-1,-1,1,1,1,-2,1,-2,-2,1,1,1,1,1
"748","Jerusalem","female","35-44",1,1,-1,1,1,1,-2,1,-1,-1,-1,-1,0,-2,-1,-1,-1,0,-1,0,NA,-2,1,1,0,-1,0
"749","South","female","35-44",NA,NA,-1,0,0,-1,-1,-1,1,-1,-1,-1,1,-2,0,1,0,0,-1,-2,-2,-1,0,1,-1,-2,-1
"750","North","female","45-54",1,1,0,0,1,0,-2,1,0,-1,0,0,0,-2,0,0,0,0,-1,1,-1,-1,1,0,-2,-1,0
"751","Center","male","45-54",0,1,-1,-2,0,0,-2,1,0,-1,NA,0,0,-2,-1,1,-1,-1,-2,-2,-1,0,-2,0,0,-1,-1
"752","Center","female","45-54",0,0,-1,0,0,0,-1,0,0,0,0,0,0,0,0,NA,0,1,-1,-2,-1,0,-1,0,0,0,0
"753","North","female","45-54",0,1,-1,0,0,0,-1,1,-1,0,0,0,0,-1,0,1,1,1,-2,0,-1,-2,1,0,-1,NA,0
"754","South","male","45-54",0,0,-2,-2,-1,0,-2,1,0,1,0,1,1,0,0,1,0,0,-2,1,1,1,-2,1,1,0,-1
"755","North","female","45-54",0,1,-1,0,1,-1,-1,1,1,-1,-1,1,1,-1,0,NA,0,0,-2,NA,NA,-2,-2,1,1,-1,0
"756","Center","male","45-54",1,1,-1,1,1,-1,0,0,-1,0,-1,-1,0,-2,0,-1,0,0,-1,0,0,-2,0,0,1,-1,NA
"757","Center","female","45-54",1,1,-1,1,1,1,-2,0,1,1,1,0,-1,-2,-1,NA,0,1,-2,-1,0,-2,1,0,0,1,-1
"758","Haifa","female","45-54",0,0,-1,0,1,1,-2,1,-1,-1,0,-1,-1,-2,0,NA,-1,0,NA,1,-2,-2,1,0,1,0,-1
"759","Center","female","45-54",1,1,1,1,1,1,-1,0,0,-1,-1,-1,0,-1,0,NA,1,-1,NA,-2,-2,0,-1,-1,NA,0,NA
"760","Center","female","45-54",NA,1,-2,0,0,0,-1,1,0,NA,-1,-1,0,-1,0,1,1,1,-2,-1,0,-1,0,-1,1,NA,-2
"761","Haifa","female","45-54",0,1,-1,0,0,0,-2,1,0,1,1,-1,-1,0,0,1,0,0,-2,-1,-1,1,0,-1,1,1,1
"762","South","male","45-54",1,2,-1,-1,NA,0,-2,1,0,0,0,-1,0,-2,-1,NA,-1,-1,-2,-2,-2,-2,-1,1,1,0,0
"763","South","female","45-54",1,0,0,0,1,0,-1,1,0,1,-1,1,0,-1,-1,1,0,-1,-1,1,1,1,1,1,-2,-1,0
"764","Tel Aviv","male","45-54",0,0,NA,0,-1,-1,-2,-1,1,NA,0,-1,0,-2,0,NA,0,NA,0,-1,-1,-2,-1,0,1,-1,NA
"765","South","female","55-64",1,1,0,0,1,0,-1,-1,0,NA,NA,-2,0,NA,0,NA,NA,NA,0,1,-1,-2,NA,-1,0,0,-1
"766","Tel Aviv","female","55-64",0,1,-1,0,0,-1,-1,0,-1,-1,-1,-1,-1,-1,-1,NA,0,0,0,-1,-1,-2,1,-1,0,0,0
"767","South","female","55-64",1,1,-1,1,1,0,NA,1,-1,NA,NA,-1,0,-1,0,NA,NA,NA,1,0,0,-2,-2,-1,-1,0,NA
"768","Jerusalem","female","55-64",0,0,-2,0,1,0,-1,1,0,NA,NA,0,NA,-1,0,NA,NA,NA,-2,-2,1,0,-1,0,1,-1,NA
"769","Tel Aviv","female","55-64",NA,0,-1,0,1,-1,-2,1,0,0,1,-1,1,-2,0,1,0,1,-2,1,1,-2,1,NA,0,0,0
"770","Tel Aviv","female","55-64",-1,NA,-2,1,1,1,-2,-2,-1,NA,NA,NA,NA,-1,0,NA,-1,NA,-2,-1,1,1,-2,-2,-2,NA,NA
"771","South","female","55-64",0,1,0,0,1,-1,-2,1,0,NA,0,0,0,-2,0,NA,0,0,0,-2,-1,-1,-2,-2,-1,-1,1
"772","North","female","55-64",1,1,0,0,1,0,-1,0,-1,-1,-1,-1,0,-2,-1,-1,-1,-1,-2,1,0,0,0,-1,-1,NA,NA
"773","Haifa","male","55-64",0,1,-1,NA,1,-1,-2,1,-1,-1,0,-1,0,-2,-1,1,0,NA,-2,-2,-2,-2,-2,-1,1,-1,0
"774","South","female","55-64",0,-1,-1,-2,-1,0,-2,1,1,-1,-1,-1,1,-1,-1,NA,-1,NA,-2,1,1,-1,NA,-2,-2,0,NA
"775","Tel Aviv","male","55-64",1,0,0,1,1,1,-1,1,0,-2,-1,-2,-1,-2,-1,1,0,-2,-1,-2,-2,-2,-1,-2,0,-1,0
"776","Center","female","55-64",1,1,0,1,1,1,-2,0,-2,-2,-1,-2,-2,-2,-2,-2,-1,-1,1,-2,-2,-2,0,-1,-1,-1,-1
"777","Tel Aviv","female","55-64",1,1,-1,1,1,1,-2,1,1,NA,1,-1,0,0,0,NA,0,0,-1,1,1,-2,-1,0,1,NA,NA
"778","North","male","55-64",1,0,-1,0,0,0,-1,1,0,-1,0,-1,-1,-2,-1,0,-1,0,-2,-2,-2,-2,1,-2,1,0,0
"779","South","female","55-64",-1,-1,-2,1,0,0,-2,1,1,1,1,1,1,-2,1,1,0,1,-2,1,NA,-2,1,-2,1,NA,1
"780","Judea and Samaria","male","55-64",1,-1,-2,0,-1,0,-2,0,1,NA,NA,1,1,-1,0,NA,1,1,NA,-2,1,1,-2,NA,-2,NA,1
"781","Tel Aviv","female","55-64",0,-1,-1,0,0,0,-1,1,0,-1,0,-1,0,-1,0,NA,0,1,1,-2,1,-2,-2,-1,1,1,1
"782","Center","male","55-64",1,0,-1,1,0,0,NA,1,1,NA,-1,NA,-1,-1,-1,NA,-1,-1,-2,-2,-2,-1,0,-1,0,-1,0
"783","South","female","65+",1,0,NA,-1,1,-1,-1,NA,0,NA,NA,-1,NA,NA,-1,NA,NA,NA,NA,NA,NA,NA,NA,NA,NA,NA,NA
"784","South","female","65+",0,0,0,0,1,0,-2,NA,-1,-2,-1,-2,-1,-2,-1,1,0,-2,1,-1,-2,-2,-2,-2,0,NA,-1
"785","Tel Aviv","male","65+",1,0,-1,0,0,0,-1,0,0,-1,-1,0,0,-1,-1,1,0,0,0,0,-1,0,0,0,0,NA,1
"786","Tel Aviv","female","65+",0,1,-1,0,0,0,-2,-2,-1,-1,-1,-1,-1,-1,-1,1,-1,-1,-2,0,-2,-2,1,-2,1,0,-1
"787","Haifa","female","65+",1,1,0,1,1,0,-1,1,-1,NA,-1,-1,NA,-1,-1,NA,-1,NA,0,-2,-2,0,-1,-2,1,-1,NA
"788","Haifa","male","65+",1,0,0,0,1,0,-1,0,-1,-1,-1,-1,-1,-2,-1,NA,-1,-1,-1,-1,-2,-2,1,0,-2,-1,0
"789","North","female","65+",1,1,1,1,1,0,-1,1,-1,NA,NA,0,0,NA,NA,NA,0,NA,NA,1,1,-1,-1,-1,0,NA,NA
"790","South","female","65+",0,0,-1,-1,1,0,-1,1,0,NA,NA,-1,NA,NA,NA,NA,NA,NA,-1,1,NA,-1,0,-2,1,0,NA
"791","Judea and Samaria","male","65+",1,1,-1,0,0,0,-1,1,-1,0,0,0,0,-2,0,1,0,0,-2,-1,-1,0,-1,-2,0,0,0
"792","Center","female","65+",1,1,0,0,0,0,-2,0,0,-1,0,0,0,-1,0,1,-1,-1,0,1,0,-1,1,0,1,0,0
"793","Haifa","female","65+",0,-1,-1,1,1,1,-2,1,0,0,0,0,1,-2,0,0,0,0,-2,-2,-2,-2,1,1,1,0,0
"794","South","female","65+",1,1,-2,0,-1,0,-2,NA,0,0,0,-1,0,-1,0,1,1,1,-2,0,-2,0,0,-2,1,NA,1
"795","Tel Aviv","female","65+",1,1,0,0,1,-1,-2,1,0,-2,0,-2,0,-2,-1,1,-2,NA,0,1,0,-2,-1,-2,-2,NA,-2
"796","North","female","65+",1,1,0,0,0,0,-2,1,NA,NA,0,-1,-1,-1,-1,-1,-1,-1,NA,-2,NA,-2,1,NA,NA,NA,-1
"797","Center","female","65+",1,1,0,0,1,0,-2,1,0,1,1,0,1,-1,1,1,1,1,-2,1,1,-2,1,-2,-2,1,NA
"798","Jerusalem","male","65+",0,-1,-1,-2,-2,1,-2,-1,0,1,0,0,0,-2,0,1,0,NA,-2,-1,0,0,NA,1,1,0,0
"799","Center","male","65+",1,0,0,0,0,0,-2,0,0,NA,-1,-2,-1,-2,-1,NA,-1,-1,-1,-1,-1,0,-1,-1,1,NA,NA
"800","Jerusalem","male","65+",0,NA,-1,0,-2,0,-2,1,1,-1,1,-1,1,-1,1,1,1,1,-2,-2,NA,1,-2,-1,NA,0,NA
"801","Tel Aviv","female","65+",0,0,-1,1,1,0,-2,0,-2,-2,-1,-1,1,-2,1,1,-2,1,-2,-1,-2,-1,0,1,1,-1,1
"802","Jerusalem","male","65+",0,-1,-2,1,1,0,-2,-1,0,NA,-1,-1,0,-1,1,NA,0,0,-1,-1,-1,-2,-1,0,0,0,NA
"803","Center","female","65+",0,1,-1,1,1,1,-2,1,-2,NA,NA,0,-1,-1,0,NA,1,1,-1,0,-2,0,-1,-1,0,NA,NA
"804","Tel Aviv","male","65+",0,0,0,1,1,0,-2,-1,-1,-2,0,-1,1,-2,-1,1,1,1,-1,-1,-1,-1,-1,1,1,-1,1
"805","Center","female","65+",0,0,1,1,1,0,-2,1,0,NA,-2,-1,-2,-1,0,NA,1,-2,NA,-2,NA,NA,-1,0,-1,-1,-2
"806","Jerusalem","male","65+",0,0,-1,1,1,1,-2,1,-1,-2,NA,0,-1,-2,-1,1,-1,-1,-1,1,-1,-2,0,-1,0,NA,NA
"807","Tel Aviv","female","65+",1,1,NA,0,1,-1,-2,0,0,NA,-1,-1,-2,-2,-1,0,0,-1,1,1,1,-1,-1,-1,0,NA,NA
"808","Tel Aviv","female","65+",0,1,-1,-1,1,0,-2,1,0,-1,-1,-1,0,-1,-1,NA,-2,NA,-2,1,-2,0,0,0,1,0,NA
"809","Tel Aviv","female","65+",0,1,-1,1,1,-1,-2,1,1,NA,0,-1,0,-1,-1,NA,-1,-1,NA,NA,NA,NA,NA,NA,NA,NA,NA
"810","Tel Aviv","female","65+",1,2,0,0,1,0,-2,NA,0,NA,NA,NA,NA,-2,NA,NA,NA,NA,NA,-2,1,1,-2,1,0,-1,0
"811","Jerusalem","female","65+",0,1,-2,1,-1,1,-2,-2,1,0,-1,-1,0,-1,0,NA,1,-1,-2,-2,1,1,-2,1,0,0,-1
"812","North","male","65+",0,NA,0,NA,1,0,0,-2,-1,-2,0,-2,-1,-2,-1,1,1,-1,NA,-2,1,-2,1,-1,-2,-1,-1
"813","South","female","65+",1,1,-1,0,0,-1,NA,NA,0,-1,NA,-2,0,-2,-1,NA,0,NA,NA,-2,-2,1,-2,NA,1,-1,1
"814","North","male","65+",1,-1,0,1,0,0,-2,0,-1,NA,NA,NA,-1,-1,-1,NA,0,NA,0,-2,NA,1,-2,0,-2,NA,1
"815","Center","female","65+",1,2,-1,1,1,1,-2,1,1,1,-1,0,0,-1,-1,1,1,0,-1,1,-2,-2,1,-2,1,0,1
"816","South","male","65+",2,1,0,0,0,1,-2,1,-1,0,0,-2,0,-2,0,1,0,0,-2,1,-2,-2,1,-2,-1,-1,0
"817","North","female","18-24",2,2,1,1,0,1,0,1,-2,-2,-2,-2,-2,-2,-1,-2,-2,-2,1,1,1,1,1,1,1,-2,-2
"818","North","male","18-24",2,2,1,1,1,1,1,1,-2,-2,-2,-2,-2,-2,-2,-2,-2,-2,1,1,1,0,1,1,1,-2,-2
"819","Jerusalem","female","45-54",0,1,0,0,0,0,1,1,0,NA,-1,NA,NA,NA,NA,-2,-2,-2,1,1,1,0,1,1,1,-2,-2
"820","North","male","35-44",2,2,1,1,1,1,1,1,-2,-2,-2,-2,-2,-2,-2,-2,-2,NA,1,1,1,1,1,1,1,-2,-2
"821","Jerusalem","female","45-54",2,2,1,1,1,1,1,1,-2,-2,-2,-2,-2,-2,-2,-2,-2,-2,1,1,1,1,1,1,1,-2,-2
"822","Haifa","male","35-44",1,1,1,1,0,1,1,0,0,-1,-1,-1,-2,-2,-2,-1,-1,-1,-1,-2,0,-1,-1,1,-1,0,0
"823","North","male","35-44",2,1,0,1,0,0,1,1,-2,-2,-2,-2,-2,-2,-2,-2,NA,NA,0,1,1,1,1,1,1,-2,-2
"824","Haifa","male","45-54",2,2,1,1,1,1,1,1,-2,-2,-2,-2,-2,-2,-2,-2,NA,NA,1,1,1,1,1,1,1,-1,-2
"825","North","female","45-54",2,2,1,1,1,1,1,1,-2,-2,-2,-2,-2,-2,-2,-2,-2,-2,1,1,1,1,1,1,1,-2,-2
"826","North","female","65+",2,2,1,1,1,1,1,1,-2,-2,-2,-2,-2,-2,-2,-2,-2,-2,1,1,1,1,1,1,1,-2,-2
"827","Jerusalem","female","45-54",-1,1,1,1,1,0,1,1,0,NA,0,NA,0,1,0,-2,0,0,1,1,1,1,0,1,0,1,0
"828","North","female","45-54",2,2,1,1,1,0,1,1,-2,-2,-2,-2,-2,-2,-2,-2,-2,-2,1,1,1,1,1,1,1,1,1
"829","Center","female","35-44",2,2,1,1,1,1,1,1,-2,-2,-2,-2,-2,-2,-2,-2,-2,NA,1,1,1,1,1,1,1,1,1
"830","North","female","25-34",2,2,1,1,1,1,1,1,-2,0,-1,NA,NA,1,-2,NA,-2,-2,1,1,1,1,1,1,1,-2,1
"831","Jerusalem","male","35-44",1,1,1,1,1,1,1,0,-2,-2,-2,-2,-2,-2,-2,-2,-2,-2,1,1,1,1,1,1,1,1,1
"832","Jerusalem","male","35-44",0,1,-1,1,-2,0,1,0,-1,-1,-1,-1,-1,-1,-1,-1,-1,-1,0,-1,-2,1,-1,-2,-1,-1,-1
"833","North","female","65+",0,-2,NA,NA,NA,NA,NA,NA,NA,NA,NA,NA,NA,NA,NA,NA,NA,NA,NA,NA,NA,NA,NA,NA,NA,NA,NA
"834","South","female","25-34",1,0,0,-1,-1,-1,-2,-2,-1,-1,0,-1,-1,-1,0,-1,-1,-2,-2,NA,-2,-1,-1,0,1,1,0
"835","South","female","25-34",2,1,-1,-2,1,0,-1,-2,1,0,1,0,1,0,1,0,1,NA,0,1,-1,-2,-1,0,1,-2,-1
"836","Jerusalem","male","25-34",1,2,0,1,1,0,-1,0,1,1,0,0,0,0,0,0,1,1,0,0,0,0,1,0,-1,-1,-1
"837","Center","male","25-34",-2,-2,NA,-2,NA,-2,NA,1,1,1,1,1,1,1,1,1,1,1,NA,NA,-2,-2,1,NA,-2,1,1
"838","Haifa","male","18-24",2,1,0,-1,-1,0,-2,NA,1,1,1,1,1,1,1,1,1,1,NA,NA,NA,NA,NA,NA,NA,1,1
"839","South","female","65+",0,-2,-2,-1,1,NA,0,-2,NA,-2,-1,0,0,0,0,-1,-2,NA,1,-2,-1,0,1,0,-1,-2,-2
"840","South","female","18-24",1,NA,-2,-1,0,1,-2,-1,0,-1,-2,-2,1,-1,NA,-1,-1,NA,-2,-1,0,1,0,-1,-2,1,0
"841","Haifa","female","18-24",1,-1,-2,-1,0,-1,1,-2,NA,-2,-2,-1,-1,-1,-1,-1,-2,-2,-2,0,1,-2,0,1,-1,-2,-2
"842","North","female","18-24",1,-1,-2,NA,-2,0,1,-1,-2,-2,-1,-1,0,0,1,1,0,-1,NA,-1,0,1,-2,-1,0,-2,-2
"843","South","female","25-34",-1,-2,0,1,0,-1,-2,0,-2,-1,0,1,0,-1,-2,-1,0,1,-1,0,1,-2,-1,0,1,-1,-1
"844","Haifa","male","25-34",-2,1,-2,-1,-2,1,-2,-2,1,-2,1,-1,1,-1,1,1,1,1,-2,-2,0,1,-2,1,1,1,1
"845","Judea and Samaria","male","35-44",0,2,-1,-2,-2,-2,1,-2,-2,-2,-1,-2,NA,NA,-1,NA,-2,0,0,-2,-1,-2,NA,-1,-1,-2,0
"846","Tel Aviv","male","25-34",0,-1,-1,-1,1,NA,0,1,0,-2,1,-1,NA,-2,-2,1,1,0,0,1,0,0,-1,0,-1,0,-1
"847","North","female","18-24",1,1,-1,-1,-1,-1,-1,-2,-1,0,0,-2,0,-1,0,1,0,0,-1,-2,0,0,-2,1,1,1,0
"848","North","male","35-44",1,1,0,0,1,0,0,0,-1,-1,-1,-2,-2,-2,-1,0,-1,-1,0,0,-1,0,0,-1,0,NA,NA
"849","North","male","55-64",-2,-2,-1,NA,0,0,-2,1,1,-2,1,-2,0,1,1,0,1,0,1,0,-2,1,-1,1,1,1,-1
"850","Center","male","25-34",1,1,-1,1,-1,-2,-2,-2,1,0,1,-1,0,-1,0,-1,0,-1,-1,-1,-2,0,-2,-1,1,0,-1
"851","Haifa","female","45-54",1,0,-1,-1,1,-2,-1,-2,-1,-1,1,1,1,0,0,1,-1,1,1,0,0,1,-2,-1,1,-1,-2
"852","Haifa","female","45-54",0,-1,-2,-2,-2,-2,-2,-2,0,0,-1,1,1,NA,1,NA,0,1,-1,-2,0,1,-2,1,1,-1,0
"853","North","male","25-34",2,1,-1,0,1,0,-2,-1,0,-1,-1,-2,1,-2,0,1,0,1,0,-2,0,-1,-1,1,1,-1,-1
"854","Haifa","male","25-34",0,0,-1,1,-1,0,-1,-1,0,-2,0,-2,0,-1,1,-1,0,0,-2,-2,0,1,-2,0,1,0,-1
"855","North","male","35-44",1,0,-1,0,-2,-2,-2,0,-2,-1,-1,-2,-1,-2,0,NA,1,-2,0,1,-2,1,1,-1,-2,-2,-2
"856","Center","male","18-24",2,1,NA,0,1,NA,-2,1,1,1,1,1,1,1,1,1,0,1,1,1,-2,-1,0,NA,-1,-2,-2
"857","North","male","35-44",1,1,-1,0,0,-1,-2,0,-1,-1,0,-1,0,NA,0,NA,-1,-1,-1,0,-2,1,-2,-2,-1,-1,-1
"858","North","male","25-34",0,0,-2,0,1,-1,-2,-2,-1,-2,0,-2,1,-2,-1,-2,0,-1,-2,1,-2,1,-2,1,1,1,1
"859","North","male","35-44",1,1,0,0,0,0,-1,-1,-1,-2,-1,-2,-1,-1,-1,NA,-1,-1,-1,-1,-1,1,-2,-1,-1,-1,-1
"860","North","male","18-24",1,-2,0,0,1,1,1,1,0,-2,-2,-2,-2,-2,-1,-2,-2,-2,0,-1,-1,-1,0,0,-1,-1,0
"861","Center","female","25-34",0,-2,0,1,-2,-2,-2,-2,0,-2,-1,-1,1,-2,1,1,-1,-1,0,-2,0,1,-2,1,-1,0,-2
"862","South","male","25-34",2,0,0,1,1,-2,-2,-2,1,-2,-1,-2,-2,-2,-1,NA,1,NA,-2,0,-1,-1,NA,-1,-2,-1,-1
"863","Center","male","55-64",2,-2,-2,-1,1,-2,NA,NA,-1,-1,-1,-1,-1,-1,-1,-1,0,-1,-2,NA,NA,-2,NA,0,NA,-1,0
"864","North","male","45-54",0,0,-1,-1,0,-2,-2,-1,0,-1,0,-1,1,-1,0,NA,1,0,-1,0,-1,NA,NA,-1,1,-1,1
"865","North","male","45-54",-1,1,-1,-1,1,1,-2,-2,1,-1,-1,-2,1,1,1,1,-1,-1,0,-1,-2,1,-2,0,1,-1,-1
"866","Haifa","female","45-54",-2,-1,-2,-2,-2,-1,-2,NA,0,-2,1,1,1,1,1,1,0,1,1,NA,-1,1,-2,NA,1,1,1
"867","North","male","55-64",-2,-1,-2,0,1,1,-2,-2,-2,-2,0,NA,0,1,0,NA,0,1,1,-2,-2,1,-2,1,1,0,0
"868","North","male","55-64",1,1,NA,0,1,-2,-2,-1,0,-1,-1,-2,0,-2,-1,NA,-1,NA,-1,-1,NA,1,-2,1,0,0,-1
"869","North","male","55-64",0,1,-1,-2,0,-1,-1,-1,0,1,0,-2,-1,-1,0,1,-1,1,-2,1,-2,-1,0,0,1,-1,-2
"870","Haifa","male","35-44",2,2,-1,0,0,-1,-1,-2,-1,-1,-1,-2,0,-1,-1,NA,0,0,0,-2,-1,1,-2,0,-1,-1,-2
"871","North","male","25-34",-2,0,0,0,1,0,0,-1,1,1,-1,-1,1,-2,1,NA,-1,-1,-2,1,-2,1,-2,-2,-2,-2,1
"872","North","male","25-34",1,1,0,-1,1,0,-1,-2,0,-2,-1,-2,-1,-2,-1,NA,1,0,1,-2,-2,1,-2,-2,-2,-1,1
"873","North","male","25-34",2,1,0,1,1,1,0,1,-2,-2,-2,-2,-2,-2,-2,-1,-2,-2,1,0,1,1,0,-1,-2,-2,-2
"874","North","male","55-64",1,1,-1,0,1,1,-1,NA,-2,-2,0,-2,0,-2,0,NA,1,1,-1,1,-2,NA,NA,-2,0,-1,-1
"875","North","male","35-44",0,0,-1,-1,0,-1,-1,-2,-1,-1,0,-2,0,0,0,-1,-1,-1,-2,1,-1,1,-2,-1,1,-1,-2
"876","North","male","18-24",0,0,-2,-2,-2,-1,-2,-2,0,0,1,1,1,1,1,0,-2,1,1,-2,-2,1,-2,NA,NA,-1,0
"877","North","male","18-24",1,0,1,1,0,-1,-2,0,-1,-1,-1,-1,-1,-1,-1,-1,-1,-1,1,-1,-2,0,0,1,-1,0,-1
"878","Jerusalem","female","18-24",-1,0,-2,-2,-2,-1,-2,-2,0,1,0,NA,NA,NA,NA,0,1,NA,-1,-1,-2,1,-2,-1,1,-1,-2
"879","North","female","45-54",-1,1,NA,NA,NA,NA,NA,-1,NA,NA,NA,NA,NA,NA,NA,NA,NA,NA,0,0,-1,1,1,0,-2,NA,-1
"880","North","male","55-64",1,1,-1,1,1,1,-1,1,1,-1,-1,-1,-1,-1,-1,-1,-1,-1,-1,0,-1,0,-1,-1,-1,-2,-2
"881","Center","female","45-54",1,2,-1,0,0,0,-1,-1,0,1,0,1,1,0,0,1,1,0,0,0,0,1,1,-1,0,0,-2
"882","Center","female","18-24",-1,0,0,-1,-1,-1,-2,1,0,NA,0,0,0,NA,NA,0,0,NA,1,NA,-1,1,-2,NA,NA,-1,-1
"883","Jerusalem","male","35-44",1,0,-1,1,0,-1,-2,-2,0,0,-1,NA,NA,NA,0,-1,-1,0,-1,0,0,-1,1,-1,1,0,1
"884","Jerusalem","female","18-24",1,2,0,0,0,0,0,0,NA,NA,NA,NA,0,NA,NA,NA,1,NA,1,1,0,0,0,1,0,-1,-1
"885","Haifa","male","55-64",2,0,0,0,-1,-2,-2,-2,1,0,0,1,1,NA,NA,NA,0,0,1,-1,-2,0,-1,-2,1,1,-1
"886","Jerusalem","female","65+",NA,0,-2,-2,-2,-1,-2,0,1,NA,1,1,1,1,1,1,1,1,NA,NA,1,1,-2,1,-1,1,NA
"887","Jerusalem","female","55-64",1,-2,-1,-1,0,0,-1,-1,1,1,1,1,0,0,-1,1,0,NA,-2,1,-1,-2,-2,NA,0,-1,-2
"888","North","male","18-24",-2,0,0,-1,-1,-1,-2,-2,0,0,-1,1,1,1,1,0,1,1,1,1,-2,1,-2,-2,1,-1,-1
"889","North","male","45-54",-2,-2,-2,0,-2,-1,-2,-2,0,1,1,1,1,0,1,1,1,1,NA,NA,-2,-2,NA,0,0,-1,-1
"890","Haifa","male","18-24",0,0,0,1,0,-2,-2,NA,1,-2,-1,-1,1,NA,-1,-2,-2,-2,-1,NA,-2,1,-1,-2,-1,-1,-1
"891","Jerusalem","female","35-44",-1,-2,-2,0,-2,-1,-1,-2,0,0,1,1,1,1,1,1,-1,1,-2,NA,1,NA,-2,1,1,1,0
"892","North","female","55-64",2,1,0,0,0,1,0,0,-2,-1,-1,-2,NA,-2,-2,-2,-2,-2,-1,0,0,0,1,1,1,-2,-2
"893","North","female","55-64",0,0,1,0,-1,-1,-2,-1,0,1,1,1,1,1,1,1,0,0,0,-2,0,NA,NA,-1,0,0,-1
"894","Jerusalem","male","35-44",1,1,0,-1,1,0,-1,0,0,-1,-1,0,-1,-2,-1,-2,-1,-2,0,-1,1,-2,1,NA,0,-1,-2
"895","North","female","55-64",0,NA,0,NA,-2,-1,-2,-2,-2,-2,-1,-2,-1,-1,-1,-2,-1,-2,-1,-2,1,-2,-1,NA,-1,-1,0
"896","Haifa","male","25-34",0,1,-1,0,0,1,0,0,1,1,0,1,1,0,1,1,1,1,-1,-2,-1,-1,0,0,-2,1,1
"897","North","male","18-24",1,0,1,1,-1,1,0,1,1,0,-1,-1,-1,-1,0,1,0,-1,-1,-1,-1,-1,-2,-1,0,1,0
"898","Center","male","55-64",0,1,0,0,0,0,1,1,0,-1,0,-1,0,-1,0,-1,-2,-1,-1,0,0,-2,1,0,-1,-1,0
"899","North","male","35-44",1,1,0,0,0,0,0,-1,-2,-2,-2,-2,-2,-2,-2,-2,-2,-2,-1,-1,1,0,-2,-1,0,-2,-2
"900","North","male","55-64",2,NA,NA,-2,-2,-2,-2,-2,0,0,-2,-2,-2,-2,-2,-1,-2,-2,NA,0,1,-2,0,-1,-1,-2,-2
"901","Haifa","female","18-24",1,1,-1,0,1,0,0,0,1,0,1,0,-1,0,0,1,1,1,0,-1,-1,0,0,0,-1,1,0
"902","Haifa","female","18-24",2,0,0,1,0,0,0,0,0,-1,-2,-1,-1,0,0,-1,0,-1,0,-2,0,-1,1,-1,0,0,-1
"903","North","male","65+",1,1,0,0,1,-2,0,0,-2,-2,-2,-2,-2,-2,-2,-2,-2,-2,0,-1,-2,0,-1,0,-1,-1,-1
"904","North","male","45-54",2,1,0,0,1,0,-1,0,-1,-1,-1,0,-1,-1,-1,-1,0,0,0,-1,0,0,0,0,0,0,0
"905","Haifa","male","35-44",2,1,0,-1,-1,-1,NA,-2,NA,1,1,1,1,1,1,NA,NA,1,0,-1,-2,-1,-2,-1,-1,0,0
"906","Haifa","female","45-54",-2,-2,-1,-2,-2,-2,-1,0,-2,-2,-2,-2,-2,-2,-2,-1,-1,-1,-2,NA,-2,-1,0,0,-2,-1,-1
"907","Tel Aviv","male","18-24",2,2,1,1,1,1,0,1,1,0,1,1,0,0,1,1,0,1,0,0,1,-1,0,0,0,-1,0
"908","Jerusalem","female","55-64",1,1,0,0,1,-1,0,0,0,0,0,0,0,0,0,0,0,0,0,0,0,-2,0,1,0,0,0
"909","Haifa","male","45-54",2,0,1,0,0,-2,-1,-1,-1,-1,-1,-1,-1,-1,-1,-1,-1,-1,0,0,-1,0,0,0,0,-1,-1
"910","North","female","25-34",-2,-2,-1,0,1,0,-1,-1,-1,-1,-1,-1,-1,-1,-1,0,0,0,NA,-2,-2,0,-1,NA,-2,1,1
"911","Jerusalem","female","18-24",2,2,1,1,1,-1,1,1,1,0,1,0,1,0,0,1,0,0,1,0,1,1,1,1,-1,1,0
"912","North","female","45-54",1,1,-1,0,0,-1,1,0,0,-1,-1,-2,-1,-1,-2,NA,-2,-2,-1,0,-1,0,-1,0,-2,0,0
"913","Center","female","45-54",0,1,-2,-2,NA,-1,-1,-2,1,-1,1,1,-1,-1,1,1,-1,-1,NA,-2,0,0,0,-1,-1,-1,-1
"914","Haifa","male","18-24",2,2,1,1,0,0,1,1,1,0,1,0,1,0,1,0,1,0,1,0,1,-1,1,1,0,-1,0
"915","North","male","18-24",-2,-2,NA,-1,-2,-2,0,-2,-2,-2,-2,NA,NA,NA,NA,-2,-2,-2,-1,-2,-2,-2,-2,NA,-2,NA,NA
"916","North","male","25-34",2,1,0,0,0,0,0,0,0,0,0,0,0,0,0,0,0,0,-1,-1,0,-1,-1,-2,-1,-1,-1
"917","North","female","25-34",0,1,0,-1,1,0,-1,0,-1,-2,-2,-2,-2,-2,-2,-2,-2,-2,0,NA,-1,1,-1,-1,-1,-1,-1
"918","North","male","25-34",0,NA,-2,-2,-2,0,-1,-2,-1,-1,-1,1,1,1,1,-1,-1,-1,-2,1,NA,1,-2,-2,-2,1,-1
"919","Jerusalem","female","35-44",0,0,0,-1,0,-2,-2,-1,-2,-2,-2,-2,NA,NA,-2,NA,-2,-2,-1,NA,-1,NA,NA,NA,-2,-2,-2
"920","North","male","18-24",1,2,-1,1,-1,0,1,1,1,0,1,1,0,1,1,0,1,0,1,1,-1,1,1,-1,1,1,0
"921","North","male","35-44",0,1,-1,NA,0,-2,-2,-1,-2,-2,-2,-2,NA,-1,-2,NA,-2,-2,NA,-1,-2,0,-1,NA,NA,-2,-2
"922","North","male","25-34",1,0,NA,-2,-2,-2,NA,1,-1,-1,-1,-1,-1,-1,0,0,0,0,NA,NA,-2,1,NA,NA,-2,-2,-2
"923","North","female","25-34",0,0,0,NA,0,-2,-2,1,1,1,1,1,1,1,1,1,1,1,NA,NA,-1,-1,0,NA,NA,-1,-1
"924","North","female","35-44",-1,1,0,0,0,0,0,0,0,-1,-1,0,-1,0,-1,-2,-2,-2,0,-2,1,1,0,0,1,0,-1
"925","North","male","25-34",2,1,1,0,1,0,0,0,-2,-2,-2,-2,-2,-2,-2,-2,-2,-2,0,-1,0,0,NA,NA,-2,-2,-2
"926","Haifa","female","35-44",0,0,0,0,0,-2,-2,-1,-2,-2,-2,-2,NA,-1,-2,-2,-2,-2,0,NA,-1,0,-1,NA,-1,-2,-2
"927","North","male","45-54",-1,0,-1,-1,-2,-1,-2,-2,1,1,1,0,1,1,1,1,-1,-1,-1,NA,NA,NA,-2,1,-1,0,0
"928","Center","female","18-24",2,2,-1,1,1,0,1,1,1,0,-1,0,1,0,-1,0,1,0,-1,1,-1,0,0,0,-2,1,0
"929","North","male","25-34",-2,-2,-2,1,-2,-1,0,0,1,1,1,1,1,1,1,1,-1,1,NA,-2,-2,0,-2,-2,-2,-1,-1
"930","North","female","25-34",0,0,0,0,0,1,0,0,-1,0,1,-1,1,-2,0,-1,1,-2,0,-1,-2,1,1,-1,-1,1,0
"931","North","male","25-34",1,1,-1,1,0,0,0,-1,0,-1,-1,-1,-2,-2,-2,-2,-1,-1,-1,1,-1,0,0,0,-1,0,-1
"932","Jerusalem","male","45-54",-1,-1,-2,-2,-2,-2,-2,-2,1,1,1,1,1,1,1,1,0,1,-2,NA,0,NA,NA,1,NA,1,0
"933","North","female","25-34",-2,2,-2,-2,-2,-2,-1,-2,1,1,1,1,1,1,-1,-1,NA,NA,-2,NA,1,-2,-2,-2,1,-1,-1
"934","North","female","35-44",0,1,-1,0,0,-2,-2,-2,1,1,1,1,1,1,1,1,1,1,-2,-1,-1,-1,NA,-1,NA,0,0
"935","North","male","35-44",0,0,0,1,0,1,0,1,1,0,-1,-2,0,-1,1,0,-2,-1,-1,0,1,-1,0,1,0,1,0
"936","Haifa","female","35-44",0,0,0,-2,1,-2,-2,-1,-2,-2,-2,-2,NA,-2,-2,-2,-2,-2,-1,NA,-1,NA,NA,-1,0,-2,-2
"937","North","male","35-44",-2,-1,NA,-2,-2,-2,-2,-2,1,1,1,1,1,1,NA,-2,-2,-2,-2,1,-1,-1,-1,-2,NA,1,1
"938","North","male","18-24",1,1,0,1,0,-2,0,-1,1,0,-1,-1,0,-2,1,0,-1,-2,-2,-1,0,0,0,-1,NA,-1,0
"939","North","male","45-54",1,-1,-1,0,0,0,0,-2,-1,-1,0,0,-1,-1,0,0,-1,-1,NA,0,0,0,0,0,-2,0,-1
"940","North","male","35-44",1,0,0,0,-2,-1,-1,0,-1,-1,-1,-1,-1,-1,-1,-1,-1,-1,0,0,0,-1,0,0,-2,-1,-1
"941","South","female","18-24",1,0,-1,0,0,-2,-2,-1,-2,-2,-2,-2,NA,-1,-2,-2,-2,-2,0,-2,-1,NA,NA,NA,-1,-2,-2
"942","North","female","35-44",-2,-2,NA,-2,-2,-2,NA,-2,1,1,-2,1,1,1,1,1,0,0,-2,-2,-2,-2,-1,-2,-2,-2,NA
"943","North","male","35-44",1,2,0,0,0,0,0,0,0,-1,0,0,1,1,1,0,0,0,-2,-1,-1,0,-1,0,-1,0,-1
"944","North","female","25-34",1,2,0,0,0,1,0,-1,1,0,-1,0,1,0,-2,0,1,-1,0,-1,0,0,1,1,1,1,-1
"945","Jerusalem","female","25-34",0,-2,-2,-2,-1,-1,-2,-1,-1,-1,-1,-1,-1,NA,NA,NA,NA,NA,-1,NA,-2,-2,-2,-1,-1,-2,1
"946","Haifa","male","18-24",2,1,0,0,0,0,0,0,0,-1,0,-1,1,1,1,0,0,0,-1,0,0,-1,0,-1,0,0,0
"947","North","male","65+",1,1,0,-1,-1,-1,-1,-1,1,0,0,-1,0,0,1,1,-1,0,-2,0,-1,0,-1,0,-1,0,0
"948","Haifa","male","25-34",0,-1,NA,-2,-2,-2,-2,-2,-1,-1,1,-1,1,-1,1,-1,1,-1,-2,-2,-2,-1,-1,-1,1,1,1
"949","Jerusalem","female","35-44",0,1,0,0,0,-2,-2,NA,-2,-2,-2,-2,-2,-2,-2,-2,-2,-2,NA,-1,-1,NA,-2,-1,NA,-2,-2
"950","Center","male","35-44",1,-1,1,0,-1,1,-1,0,1,0,-1,-2,0,-1,0,1,0,-1,-1,1,-1,1,-1,1,0,-1,-2
"951","Jerusalem","male","25-34",0,1,-1,-1,0,-1,-1,-1,NA,NA,NA,NA,NA,NA,NA,1,1,1,-2,NA,-1,-2,-1,-1,-1,-1,-1
"952","Haifa","male","35-44",2,1,-1,0,-1,0,-1,0,0,-1,-1,0,-1,0,0,0,0,0,-1,-1,-1,-1,-2,-1,-2,0,0
"953","South","male","18-24",1,1,0,0,0,-1,-2,-2,1,1,1,1,1,1,1,1,1,1,0,1,NA,0,0,0,-1,1,1
"954","North","male","18-24",2,2,1,1,1,1,1,1,-1,-1,-1,0,0,0,0,0,0,0,-1,-2,-1,-1,-1,-1,-1,-1,-1
"955","Jerusalem","male","65+",0,0,-1,-1,-1,-1,-1,-1,-1,-1,-1,-1,-1,-1,-1,-1,-1,-1,-1,-1,-1,-1,-1,-1,-1,-1,-1
"956","Jerusalem","female","65+",0,1,NA,-2,0,-1,NA,NA,-1,-1,-1,-1,-1,-1,-1,-1,-1,-1,-1,-1,-1,-1,-1,-1,-1,-2,-2
"957","South","female","25-34",-2,-1,-1,0,1,0,-1,-2,-1,0,-1,0,-1,0,-1,0,-1,0,-2,0,1,0,-1,-2,-1,1,0
"958","South","female","25-34",1,-2,-1,0,1,0,-1,-2,0,-1,-2,-1,0,-1,-2,-1,0,-1,-1,0,1,0,-1,-2,NA,NA,-2
"959","South","female","18-24",1,2,-1,0,1,-2,NA,-2,-2,-1,-1,0,0,0,1,1,1,1,NA,-1,0,1,0,-1,-2,-2,-2
"960","Center","female","25-34",1,-1,-2,-1,0,1,0,-1,-2,-2,-2,-1,-1,-1,-2,-2,-2,-1,0,-1,-2,-1,0,1,0,-1,-1
"961","North","female","55-64",-1,2,-1,-1,-2,0,-1,-2,0,0,1,1,1,1,1,1,0,1,-2,NA,0,1,-2,1,0,0,0
"962","Center","male","25-34",1,0,1,0,-1,1,0,1,-2,-2,-2,-2,-2,-2,-2,-2,-2,-2,-1,-1,0,-1,0,0,-1,-2,-2
"963","Jerusalem","male","25-34",1,-1,-1,-1,-2,-2,1,-2,-1,-1,-1,-1,-1,NA,NA,NA,1,1,NA,1,NA,1,1,-2,NA,NA,1
"964","Center","male","35-44",1,1,0,1,0,-1,1,0,0,-1,-1,-2,-1,-2,-1,-2,-1,0,0,-1,1,0,0,-1,-1,0,-1
"965","North","female","25-34",1,0,0,0,0,-1,-1,-1,0,0,0,0,0,0,0,0,0,0,-1,-1,0,-2,-2,-2,-2,0,0
"966","North","male","45-54",0,0,1,0,0,1,1,1,0,-1,-1,-1,-2,-2,-2,-1,0,1,-1,-1,0,1,0,0,0,0,-1
"967","Center","female","18-24",2,1,1,-2,1,1,1,1,1,0,1,0,1,-1,0,1,0,-1,-1,0,1,1,1,0,-1,1,-1
"968","North","male","45-54",2,1,-1,-2,0,0,-1,0,0,-1,-1,0,0,0,-1,-2,-2,-2,NA,-1,NA,-2,-2,0,-1,0,-1
"969","North","male","45-54",1,0,-1,-1,1,0,-1,-1,0,-1,-1,0,-1,0,-1,0,-1,0,-1,-1,0,0,1,NA,0,0,-1
"970","Haifa","male","45-54",1,1,0,0,-1,0,0,-1,1,0,0,0,0,0,0,0,-2,-1,-1,0,-2,-1,-2,0,-1,-1,-1
"971","North","male","45-54",1,1,0,0,0,0,-1,0,-1,0,0,0,-1,-1,-1,0,0,0,-2,0,1,-2,-1,0,0,-1,-1
"972","Jerusalem","female","25-34",2,1,-1,1,0,0,0,1,1,0,-1,-2,0,-1,0,-2,-1,0,-2,1,0,-1,1,-1,1,-1,0
"973","Haifa","male","18-24",0,-1,-2,-1,-2,-2,-1,-1,1,1,1,1,1,1,1,1,1,1,-2,-2,-1,0,-1,-2,-1,1,1
"974","North","male","65+",0,2,0,-1,0,1,0,-1,-1,-1,-1,-1,-1,-1,-1,-1,-1,-1,-1,-1,-1,-1,0,-1,-1,-1,-1
"975","Jerusalem","female","25-34",0,0,-1,-1,-1,-1,-1,-1,-1,-1,-1,-1,-1,-1,-1,-1,-1,-1,-1,-1,-1,-1,-1,-1,-1,-1,-1
"976","South","female","25-34",1,0,-2,-1,0,1,0,-1,1,0,-1,-2,NA,-2,-1,0,1,1,-2,-1,0,1,0,-1,-2,1,0
"977","North","male","18-24",1,1,0,-1,1,0,-2,-2,0,-1,-1,-1,0,-1,0,1,-1,NA,1,-2,-2,-2,-2,1,-2,-2,-2
"978","North","male","55-64",2,2,1,0,0,1,-2,0,-1,-1,-1,-1,-1,-1,-1,-1,NA,0,-1,-2,NA,-2,NA,1,-1,0,-1
"979","Haifa","male","35-44",1,0,-1,-1,-2,0,0,-1,0,1,1,1,1,1,1,1,0,1,-1,NA,0,0,-2,1,-1,0,-1
"980","Center","male","18-24",2,1,1,1,0,0,0,0,1,0,1,1,0,1,1,0,1,1,0,1,-2,1,0,0,0,1,0
"981","North","female","45-54",-1,1,1,0,0,-1,1,0,0,-1,0,-2,-1,-1,-2,NA,NA,-2,-2,0,0,0,-1,0,1,0,-1
"982","North","male","55-64",1,0,0,1,0,-2,-2,-1,0,-2,-2,-2,NA,-2,-2,NA,-2,-2,0,-1,-2,1,-2,1,0,-2,-2
"983","North","female","65+",0,1,0,-1,0,-2,-2,1,0,-2,-2,-2,NA,0,-2,NA,-2,-2,-1,-1,-1,0,-1,NA,NA,-2,-2
"984","North","male","45-54",1,1,0,0,0,0,0,0,1,-1,-1,-1,-1,-1,-1,-1,-1,0,1,-2,-2,-1,0,-1,-1,-1,-1
"985","North","female","18-24",0,1,0,0,0,-2,-2,-2,0,-1,-1,0,NA,NA,NA,0,-2,-2,-1,NA,-2,1,1,-2,-1,-2,-2
"986","North","female","45-54",1,-1,-1,0,-1,-2,-1,-1,0,-1,-1,0,0,1,1,0,0,-1,NA,-2,-1,0,-1,0,1,0,-1
"987","Center","male","18-24",2,2,0,0,1,-2,0,-2,-1,-1,-1,-1,-1,-1,-1,-1,-1,-1,-1,0,-1,0,-1,-1,1,-1,-1
"988","Haifa","female","35-44",0,0,-1,-1,-1,-1,-1,-1,-1,-1,-1,-1,-1,-1,-1,-1,-1,-1,-2,-2,-2,-2,-2,-2,-2,NA,NA
"989","Jerusalem","female","25-34",-2,-1,-1,0,1,0,-1,-2,-1,-2,-1,-2,-1,-2,-1,-2,-1,-2,-1,0,1,0,-1,-2,NA,-1,-2
"990","Center","male","45-54",0,1,-2,0,-1,1,-2,-2,-1,0,0,-1,0,0,0,-1,0,0,-2,1,-2,1,-2,-2,1,-1,0
"991","South","male","35-44",-1,0,-1,-1,0,-1,-2,0,1,-1,-2,-2,0,-2,0,1,1,1,1,1,-2,-2,1,1,-2,-2,-1
"992","North","female","18-24",0,0,-1,0,1,0,0,0,0,0,-1,-1,0,-2,0,0,-1,0,-2,-1,-1,-2,0,-1,0,-1,0
"993","Jerusalem","male","35-44",1,1,-2,1,-2,1,-2,-1,1,1,0,1,1,-2,1,-1,1,1,-2,-2,-1,-2,0,1,1,-1,-1
"994","North","female","35-44",1,1,-1,0,1,0,-1,-1,-1,-1,-1,-1,-1,-2,-1,0,0,0,-1,-1,-1,0,-1,0,-1,-1,-1
"995","Haifa","male","45-54",1,2,NA,-1,NA,-1,-2,1,0,NA,1,1,0,-1,0,NA,0,-1,-2,-2,0,1,-2,1,0,0,0
"996","Center","female","35-44",1,1,-1,0,0,0,-1,0,0,0,0,-1,1,-1,0,1,0,1,-1,-1,0,-1,NA,-2,1,0,NA
"997","Tel Aviv","male","25-34",-1,0,0,0,1,0,-2,0,0,NA,0,-1,0,-2,0,NA,0,NA,-1,0,NA,NA,NA,NA,1,0,NA
"998","Haifa","female","45-54",0,1,-1,1,1,1,-2,1,-1,NA,0,-2,0,-2,-1,NA,NA,NA,NA,NA,NA,NA,NA,NA,NA,NA,NA
"999","Tel Aviv","female","45-54",0,1,0,0,1,0,-2,1,1,NA,NA,0,NA,-2,0,NA,NA,NA,-1,0,-1,0,0,0,0,NA,NA
"1000","North","female","55-64",1,1,0,0,1,0,-2,1,-1,NA,NA,NA,NA,NA,NA,NA,NA,NA,NA,NA,NA,NA,NA,NA,NA,NA,NA
"1001","Haifa","female","65+",2,2,0,0,1,NA,-2,1,NA,NA,-1,NA,NA,-2,-1,NA,-1,NA,NA,0,0,-1,NA,NA,NA,NA,0
"1002","Haifa","male","25-34",NA,0,0,-2,NA,-2,-2,-1,1,0,1,0,1,1,1,1,0,1,-1,NA,0,0,-2,-2,1,-1,-1
"1003","Haifa","male","35-44",0,0,-1,-1,-1,-1,-1,-1,1,0,0,0,0,1,0,1,-1,-1,0,0,-1,0,-1,0,-1,0,-1
"1004","North","female","65+",0,0,-1,-1,-1,-1,-1,-1,-1,-1,-1,-1,-1,-1,-1,-1,-1,-1,-1,-1,-1,-1,-1,-1,-1,-1,-1
"1005","Center","female","35-44",NA,NA,NA,NA,NA,NA,NA,NA,0,0,0,0,0,0,0,0,0,0,0,NA,NA,NA,NA,NA,NA,NA,NA
"1006","Jerusalem","female","35-44",0,-1,NA,NA,NA,NA,NA,NA,NA,NA,NA,NA,NA,NA,NA,NA,NA,NA,NA,NA,NA,NA,NA,NA,NA,NA,NA
"1007","Jerusalem","female","35-44",0,0,-1,-1,-1,-1,-1,-1,0,0,0,0,0,0,0,0,0,0,0,-2,-1,-1,-1,-1,-1,-1,-1
"1008","Center","female","35-44",-2,-1,-1,-1,-1,-1,-1,-1,-1,-1,-1,-1,-1,-1,-1,-1,-1,-1,NA,NA,NA,NA,NA,NA,NA,-1,-1
