"","Location","Sex","Age","Q1","Q2","Q3","Q4","Q5","Q8","Q10","Q18","Q19","Q20","Q21"
"1","Center","male","35-44",1,NA,2,2,2,1,"2",-1,-1,-1,-2
"2","Center","female","65+",-2,1,-1,1,1,-1,"0",NA,-1,-2,2
"3","Jerusalem","female","65+",0,1,-1,2,-1,-2,"1",-2,1,2,-2
"4","North","female","45-54",0,0,2,2,2,2,"2",2,1,-1,1
"5","Jerusalem","female","45-54",NA,NA,-2,2,NA,2,"0",NA,-1,-2,2
"6","North","male","65+",1,2,-1,2,2,1,"0",1,-2,1,-1
"7","Tel Aviv","female","18-24",1,0,-2,2,2,-2,"0",2,-2,-2,-1
"8","Center","female","18-24",0,1,-1,-1,1,2,"2",1,1,-2,1
"9","Tel Aviv","male","18-24",1,1,1,1,2,1,"2",2,-2,-2,2
"10","North","female","18-24",0,1,-1,-1,1,-1,"2",2,-1,NA,-2
"11","Center","male","18-24",2,-1,-2,NA,-2,1,"2",-1,-1,-2,-1
"12","Haifa","male","18-24",2,2,2,2,2,2,"2",2,1,-2,2
"13","Haifa","male","18-24",-2,2,-2,-2,-2,-1,"1",-2,-1,2,-2
"14","Tel Aviv","female","18-24",-2,2,-2,2,2,2,"2",2,1,-2,1
"15","Jerusalem","female","18-24",1,2,1,-2,2,2,"2",2,-2,-2,2
"16","South","male","18-24",2,2,1,2,2,2,"2",-1,2,-2,2
"17","Tel Aviv","female","18-24",-1,1,-1,-2,2,2,"2",-2,1,1,1
"18","North","female","18-24",-1,2,-1,1,2,2,"0",2,-2,-2,2
"19","South","male","18-24",2,2,-1,2,2,1,"2",2,1,-2,2
"20","Judea and Samaria","male","18-24",2,2,1,2,2,-1,"0",-2,NA,1,1
"21","Judea and Samaria","female","18-24",0,1,-1,-1,2,1,"0",-1,-2,-2,2
"22","Judea and Samaria","male","18-24",-1,2,-2,-1,-1,2,"2",1,1,-2,2
"23","Jerusalem","female","18-24",0,1,1,2,2,-2,"2",1,1,1,-1
"24","Jerusalem","female","18-24",0,1,-2,-1,2,-2,"2",-2,-1,1,-1
"25","Tel Aviv","male","18-24",-2,2,1,-2,2,2,"2",2,1,-2,2
"26","Center","female","18-24",1,2,-2,-1,2,2,"NA",1,1,-1,1
"27","Tel Aviv","female","18-24",-2,2,-2,-1,-1,2,"2",2,2,-2,2
"28","Judea and Samaria","female","18-24",1,1,1,1,2,1,"2",-1,-1,-2,1
"29","Center","male","18-24",1,2,-1,2,2,2,"2",2,-2,-2,-1
"30","North","female","18-24",1,1,1,1,2,1,"2",-2,-2,-2,-1
"31","South","female","18-24",-2,0,1,1,2,-1,"0",-1,2,-1,1
"32","Tel Aviv","male","18-24",-1,1,-1,1,2,2,"2",-1,1,-1,1
"33","North","male","18-24",1,2,-1,1,2,2,"0",-1,-1,-1,NA
"34","Center","male","18-24",1,1,-1,1,2,-2,"1",2,-1,1,-1
"35","Center","male","18-24",0,2,1,1,2,-2,"2",1,-1,-2,2
"36","Center","female","18-24",0,2,-2,-1,-1,2,"2",-2,-1,-2,1
"37","South","male","18-24",0,1,1,-1,2,2,"2",2,-1,2,1
"38","South","male","18-24",0,1,-1,1,2,1,"2",2,-2,-2,2
"39","Tel Aviv","male","18-24",1,-1,-2,-1,2,-1,"2",1,2,-1,1
"40","Center","female","18-24",1,NA,1,1,2,2,"2",1,2,1,1
"41","South","female","18-24",0,1,-1,-1,2,-1,"2",-2,-2,-2,2
"42","South","male","18-24",0,2,-1,1,1,2,"2",2,1,-2,2
"43","Jerusalem","male","18-24",1,1,-1,-1,2,-2,"1",-2,2,2,2
"44","Center","female","18-24",0,0,1,1,2,2,"2",1,-1,-2,1
"45","Center","female","18-24",0,1,-1,-2,2,2,"2",2,-2,-1,1
"46","Tel Aviv","female","18-24",-2,0,1,-1,2,2,"2",1,1,-2,2
"47","South","male","18-24",1,2,1,2,2,2,"2",2,1,-2,1
"48","Tel Aviv","male","18-24",0,0,-1,-2,1,2,"2",-1,1,-2,1
"49","Haifa","male","18-24",0,1,1,1,2,2,"1",2,-1,-2,2
"50","South","female","18-24",-2,-1,-1,1,2,1,"1",-2,-2,-2,2
"51","Center","male","18-24",1,1,1,1,2,-2,"1",-1,-2,-1,1
"52","South","male","18-24",0,2,-2,1,2,2,"0",2,1,-2,-2
"53","Jerusalem","male","18-24",1,2,-1,1,2,-1,"1",-1,-1,-1,-1
"54","North","female","18-24",0,1,-2,1,2,2,"1",2,-2,-2,-1
"55","Haifa","male","18-24",-2,1,-2,1,1,-2,"1",-1,-1,-1,1
"56","Center","female","18-24",0,1,-1,1,2,-1,"1",-1,-2,-2,NA
"57","Judea and Samaria","female","18-24",0,2,-1,-2,-1,1,"1",-1,-2,-2,1
"58","Center","female","18-24",1,2,1,1,2,1,"0",1,-2,-2,-1
"59","Haifa","female","18-24",0,1,-1,1,1,1,"2",-2,-2,1,1
"60","Haifa","female","18-24",1,1,-1,2,2,-1,"1",-2,2,2,-2
"61","Center","male","18-24",1,1,-1,1,2,1,"1",-1,-2,1,-2
"62","Tel Aviv","male","18-24",-2,1,-2,2,-2,1,"1",-1,-1,-1,1
"63","Center","male","18-24",0,0,-1,2,2,2,"0",2,-2,-2,2
"64","North","male","18-24",0,1,-2,1,-1,-2,"1",-2,-2,-1,-1
"65","South","male","18-24",1,2,-1,1,1,1,"1",-1,-2,NA,NA
"66","Center","female","18-24",0,1,-1,-1,-1,-2,"1",-2,-2,2,-2
"67","Jerusalem","male","18-24",0,2,-1,-1,2,2,"0",2,-2,-2,1
"68","Center","male","18-24",0,0,-1,-1,2,2,"2",1,-1,-2,2
"69","North","female","18-24",-1,0,-1,1,-1,1,"1",-1,-2,-2,2
"70","Haifa","male","18-24",1,2,-1,2,-1,2,"1",1,-1,-2,2
"71","Haifa","female","18-24",0,1,-1,1,2,1,"1",2,-2,-1,1
"72","Center","female","18-24",0,1,1,2,2,-1,"1",-1,-1,-1,-1
"73","North","male","18-24",1,1,-1,1,2,-1,"1",-1,-2,1,-1
"74","Haifa","male","18-24",-2,0,1,-2,-1,2,"1",-1,2,-1,1
"75","Center","male","18-24",0,2,-1,1,2,-1,"1",-2,-2,2,-2
"76","Tel Aviv","female","18-24",0,2,-2,1,2,2,"1",2,1,-2,2
"77","North","female","18-24",0,1,-1,2,2,NA,"1",2,-2,1,-1
"78","Center","male","18-24",0,1,-2,1,-1,-1,"1",-2,1,2,-2
"79","Tel Aviv","female","25-34",0,2,NA,-1,2,2,"2",-2,-2,NA,2
"80","Haifa","male","25-34",1,2,-2,2,2,1,"2",2,-2,-2,2
"81","Haifa","female","25-34",0,1,-1,1,1,-1,"2",1,-1,-2,1
"82","Judea and Samaria","female","25-34",-2,2,-2,1,-2,2,"2",2,2,-2,2
"83","South","female","25-34",0,NA,-1,NA,2,1,"1",1,-1,-1,1
"84","Jerusalem","female","25-34",1,1,-1,-2,2,2,"2",1,2,-1,1
"85","Tel Aviv","male","25-34",-1,1,-2,-1,-1,-2,"2",-1,-2,-2,-2
"86","Judea and Samaria","female","25-34",0,2,-2,-2,-2,-2,"2",2,-1,-2,2
"87","Jerusalem","female","25-34",-1,2,-2,1,-1,2,"2",-2,2,-2,-1
"88","Center","female","25-34",-2,-2,-1,-1,-1,2,"2",-1,NA,-1,1
"89","North","female","25-34",-2,1,-2,-2,-1,2,"2",2,1,-2,2
"90","Center","female","25-34",-1,0,-2,1,-1,2,"2",1,-1,-2,2
"91","Center","female","25-34",1,1,NA,-1,-1,2,"2",-2,-1,-1,1
"92","Jerusalem","male","25-34",0,2,-2,NA,-2,2,"2",2,2,-2,2
"93","Jerusalem","female","25-34",0,2,-2,1,2,1,"2",-2,-2,-2,2
"94","South","male","25-34",2,2,-1,2,2,-1,"2",-2,-1,-2,2
"95","South","male","25-34",1,2,-2,1,2,-2,"0",2,2,-2,2
"96","Tel Aviv","male","25-34",2,2,-1,-1,-2,2,"2",-2,-2,-2,-2
"97","North","male","25-34",-1,0,-1,2,NA,1,"2",-1,NA,NA,1
"98","Jerusalem","female","25-34",-1,1,-1,-1,1,-1,"0",-2,-2,-1,1
"99","North","female","25-34",2,2,1,2,2,2,"2",1,1,-2,-1
"100","North","female","25-34",1,0,-1,1,1,-1,"2",-2,-1,-2,NA
"101","Center","female","25-34",0,2,1,2,2,2,"0",1,2,-1,1
"102","North","female","25-34",0,2,-2,-1,1,-2,"2",-1,-2,1,2
"103","Jerusalem","female","25-34",1,1,1,1,2,-1,"2",1,-1,-2,2
"104","South","male","25-34",0,1,1,1,2,-2,"2",2,-2,-2,1
"105","Center","female","25-34",0,0,-1,2,2,2,"2",2,1,-2,2
"106","South","male","25-34",1,2,1,2,2,2,"2",2,2,-2,1
"107","North","male","25-34",0,1,-1,1,2,-1,"2",-1,-2,-1,1
"108","North","male","25-34",1,0,1,2,1,-1,"2",-1,-1,-2,2
"109","South","male","25-34",1,1,-1,2,2,-1,"2",-2,-2,-2,-1
"110","Judea and Samaria","female","25-34",1,1,-1,1,1,-1,"1",-2,-1,-1,-1
"111","Center","female","25-34",2,1,1,NA,2,2,"2",2,-2,-2,2
"112","Haifa","male","25-34",1,1,1,2,2,-1,"0",-1,-2,1,-1
"113","Center","female","25-34",-2,1,-1,1,1,-2,"1",-1,2,1,1
"114","North","male","25-34",0,0,-1,-1,2,2,"1",2,1,-2,2
"115","Haifa","female","25-34",1,1,-1,-1,2,1,"0",-2,-1,-2,2
"116","Center","female","25-34",2,2,2,2,2,1,"2",2,-2,-2,2
"117","Center","female","25-34",-2,2,-2,-2,2,1,"2",NA,-1,-2,-1
"118","South","female","25-34",-1,2,-1,1,2,2,"2",1,-1,-2,2
"119","South","female","25-34",1,1,-1,1,2,2,"2",-1,-2,-2,1
"120","South","male","25-34",-1,0,-2,2,2,1,"1",2,1,-1,2
"121","South","female","25-34",1,2,1,2,2,2,"2",-1,-1,1,1
"122","Center","male","25-34",0,1,-1,1,2,2,"2",2,1,-1,1
"123","South","male","25-34",-2,1,-2,-1,2,2,"2",1,-1,-2,1
"124","North","female","25-34",-1,0,-1,2,1,-1,"1",2,-2,1,-1
"125","Jerusalem","male","25-34",0,1,-1,1,2,2,"2",-1,-2,NA,1
"126","South","male","25-34",1,1,-1,2,2,1,"2",2,-1,-1,1
"127","Tel Aviv","male","25-34",2,2,2,2,2,2,"1",2,-2,2,-2
"128","Jerusalem","female","25-34",1,1,1,2,2,2,"0",2,-2,-2,-1
"129","Center","male","25-34",0,0,-1,1,2,2,"0",-1,-2,-2,2
"130","Center","female","25-34",0,1,1,2,2,-1,"2",1,-2,1,-1
"131","Tel Aviv","male","25-34",1,0,-1,-2,2,NA,"2",-2,1,-1,1
"132","Tel Aviv","female","25-34",1,-1,-2,NA,2,-1,"1",-1,-2,-2,2
"133","Tel Aviv","male","25-34",0,2,1,-1,2,-1,"2",-1,1,1,-1
"134","South","male","25-34",1,2,1,2,2,1,"1",-1,-2,1,-1
"135","South","female","25-34",0,1,-1,2,2,1,"2",2,-1,-1,1
"136","Center","female","25-34",0,0,-1,-1,1,-1,"2",-1,-1,-1,-1
"137","Center","male","25-34",2,2,1,2,2,-2,"0",-2,-2,-1,-2
"138","South","male","25-34",1,2,-1,2,2,2,"2",-2,-2,NA,NA
"139","South","male","25-34",1,1,1,-1,2,2,"0",2,2,-2,2
"140","Center","male","25-34",1,1,1,2,2,2,"0",2,-1,-2,-1
"141","Judea and Samaria","female","25-34",-2,0,-2,-2,2,2,"2",2,NA,-2,2
"142","Haifa","male","25-34",2,2,1,2,2,2,"2",1,-1,-2,2
"143","North","male","25-34",1,0,1,1,2,2,"2",2,-2,-2,2
"144","Jerusalem","female","25-34",0,0,NA,-2,1,NA,"1",-1,-1,-1,1
"145","Jerusalem","female","25-34",0,0,-1,1,2,2,"0",2,1,-2,2
"146","Tel Aviv","male","25-34",1,1,1,-1,1,1,"2",-1,-1,-2,-1
"147","Haifa","female","25-34",1,2,-1,-1,-1,2,"1",-1,1,-2,1
"148","Tel Aviv","female","25-34",1,1,-1,1,2,1,"0",1,-1,-1,1
"149","Tel Aviv","female","25-34",-2,2,-2,-2,1,2,"2",2,2,-1,2
"150","Center","female","25-34",1,0,1,1,1,1,"1",2,-2,-1,-2
"151","Haifa","male","25-34",1,1,-1,2,2,2,"0",-1,-2,-1,-2
"152","Center","female","25-34",0,1,-1,1,-1,-1,"2",2,NA,-2,1
"153","Center","male","25-34",1,1,1,2,2,2,"0",1,-2,1,-2
"154","Tel Aviv","male","25-34",0,1,1,2,1,2,"1",2,-2,NA,2
"155","Jerusalem","female","25-34",0,1,-1,2,1,2,"1",-2,2,-2,-1
"156","Tel Aviv","female","25-34",-1,0,-2,1,-1,-2,"0",-2,-1,2,-2
"157","Jerusalem","female","25-34",-1,0,-2,2,-1,-1,"0",-2,1,2,-1
"158","Haifa","female","25-34",1,1,1,1,1,-1,"0",1,-1,-1,1
"159","Haifa","female","25-34",1,1,1,2,2,-1,"1",1,-2,-2,1
"160","Center","male","25-34",NA,NA,1,1,2,-2,"1",-2,-1,-1,2
"161","Center","female","25-34",1,2,1,1,2,1,"2",-1,1,1,-1
"162","Center","female","25-34",0,1,-2,1,2,-1,"1",-1,1,-2,1
"163","Jerusalem","male","25-34",1,1,-1,1,2,-1,"1",-1,1,1,-1
"164","Tel Aviv","male","25-34",1,-2,-2,1,-2,-2,"1",-1,-2,1,-1
"165","Jerusalem","male","25-34",1,1,1,1,2,2,"0",-2,-1,-2,2
"166","South","female","25-34",0,1,-1,1,-1,-2,"1",-1,-2,1,-2
"167","South","male","25-34",0,0,1,2,2,-2,"1",1,-2,-2,-1
"168","South","male","25-34",-2,0,-1,NA,-1,NA,"2",NA,2,-1,1
"169","Tel Aviv","female","25-34",1,1,-1,2,2,NA,"0",1,-2,2,-2
"170","Tel Aviv","female","25-34",0,1,-2,2,2,-1,"0",-2,NA,2,-1
"171","North","male","25-34",0,1,-1,2,-1,-1,"1",-2,-1,-1,-1
"172","Tel Aviv","female","25-34",0,1,-2,1,2,-2,"1",-2,-2,1,-2
"173","Center","male","25-34",0,2,-2,-2,2,-2,"1",NA,-2,-2,-1
"174","Jerusalem","male","25-34",1,1,-1,1,1,-1,"1",-2,-2,1,-2
"175","North","male","25-34",-1,0,-2,2,2,-2,"0",-2,-2,-2,2
"176","North","male","25-34",0,0,-1,1,1,-1,"1",-1,-1,-1,-1
"177","Center","female","25-34",0,1,1,1,2,2,"0",-2,-2,-1,1
"178","North","male","25-34",0,1,-2,-1,2,-2,"1",1,-2,-2,-2
"179","Center","male","25-34",1,2,-1,1,2,-2,"1",-2,2,2,-2
"180","South","female","25-34",1,1,1,2,2,2,"0",1,-2,-1,-1
"181","North","female","25-34",-2,0,-2,1,-2,2,"1",1,-1,-2,2
"182","North","male","25-34",-2,1,-2,1,2,-2,"1",2,-2,-1,-2
"183","North","female","25-34",0,1,-2,1,1,2,"1",1,-1,-1,-1
"184","Center","female","25-34",0,2,-1,-2,-2,2,"1",1,-1,1,1
"185","Center","female","25-34",-2,-2,-2,-1,1,2,"1",2,-1,-2,2
"186","Tel Aviv","male","25-34",0,1,-1,2,2,2,"0",-1,-2,-1,1
"187","Center","female","25-34",-2,-1,-2,2,1,-2,"1",1,-1,-1,1
"188","Jerusalem","male","25-34",-2,0,-1,-2,-1,1,"1",2,NA,-2,NA
"189","Haifa","female","25-34",1,2,-1,1,1,1,"NA",-2,-1,-1,1
"190","Tel Aviv","male","25-34",1,2,-2,2,2,2,"1",2,-2,-2,2
"191","South","female","25-34",-1,0,-1,1,-2,1,"1",-2,-1,-1,-1
"192","Jerusalem","male","25-34",0,0,1,1,2,2,"2",NA,-1,-1,1
"193","South","female","25-34",1,0,-1,2,2,2,"0",1,-2,1,-2
"194","Tel Aviv","male","25-34",-1,0,-2,2,2,-1,"1",-2,1,-1,-2
"195","Tel Aviv","female","25-34",0,2,-1,2,-1,1,"0",1,-2,NA,1
"196","Jerusalem","male","25-34",0,1,-2,1,2,-1,"1",-1,-1,-1,1
"197","Tel Aviv","female","25-34",1,1,1,2,2,-2,"1",-2,-2,2,-2
"198","North","male","25-34",1,1,1,1,2,2,"2",1,-1,-2,2
"199","Haifa","male","25-34",2,2,2,2,2,1,"1",-2,-1,-1,1
"200","Center","male","25-34",1,1,-1,1,2,-1,"2",-2,-2,-2,1
"201","North","male","25-34",0,1,-2,1,-1,-2,"1",-2,-1,2,-2
"202","Tel Aviv","male","35-44",0,0,-2,2,2,2,"0",1,-1,-2,-2
"203","North","male","35-44",1,1,NA,2,2,2,"2",2,2,-2,2
"204","Haifa","female","35-44",0,1,-2,1,-2,-1,"2",-2,2,-2,2
"205","Tel Aviv","female","35-44",-2,1,-2,NA,NA,2,"2",2,2,-2,2
"206","South","female","35-44",-1,0,-2,-1,1,2,"2",2,-1,-2,2
"207","South","female","35-44",-1,1,-2,1,1,2,"2",2,-2,-2,1
"208","North","female","35-44",-2,2,-2,-2,-1,2,"2",NA,2,-1,-1
"209","Jerusalem","female","35-44",-2,2,-2,-2,-2,-1,"2",-1,1,-2,2
"210","North","female","35-44",0,0,-2,2,2,2,"2",1,2,-2,1
"211","Center","female","35-44",-1,2,-2,-1,-2,2,"2",1,2,-2,2
"212","Tel Aviv","female","35-44",-1,1,-1,-1,-2,2,"2",1,-1,-2,1
"213","Haifa","female","35-44",0,1,-1,NA,2,2,"2",2,1,-2,2
"214","North","female","35-44",-2,2,-2,2,2,NA,"2",-2,-1,-2,-1
"215","Jerusalem","male","35-44",0,2,-2,1,1,NA,"2",2,1,-2,2
"216","Jerusalem","female","35-44",1,1,1,1,-1,2,"2",-1,1,-1,NA
"217","Center","female","35-44",0,1,-1,1,1,-2,"0",-2,-2,1,-1
"218","Center","male","35-44",2,1,2,2,2,2,"2",1,-1,-2,2
"219","South","male","35-44",0,1,-2,-1,1,-2,"0",1,-1,2,-2
"220","North","female","35-44",1,0,1,1,2,2,"2",2,-1,-2,-1
"221","North","female","35-44",2,2,-2,-2,2,2,"2",-2,-1,-2,1
"222","Tel Aviv","female","35-44",2,2,-2,1,2,2,"0",2,1,-2,2
"223","North","female","35-44",0,0,-2,1,2,-1,"2",-1,-1,-2,2
"224","Jerusalem","female","35-44",1,1,1,2,2,-1,"0",2,-2,-1,1
"225","Center","female","35-44",1,1,-1,2,2,2,"2",1,-1,-2,1
"226","North","female","35-44",2,1,1,2,2,2,"2",2,-2,-2,-1
"227","Center","female","35-44",1,2,1,1,2,-1,"2",1,1,-1,1
"228","South","male","35-44",2,1,1,2,2,2,"0",2,-2,-1,1
"229","Center","female","35-44",1,1,1,2,2,1,"2",-1,-1,-1,-1
"230","Center","female","35-44",0,1,-1,-1,1,-1,"2",1,2,-1,1
"231","South","female","35-44",1,0,-1,2,2,2,"2",2,-2,-2,2
"232","Judea and Samaria","male","35-44",0,1,-1,1,1,NA,"2",1,-2,-1,1
"233","North","female","35-44",0,1,NA,2,2,1,"2",-1,-1,-2,1
"234","Tel Aviv","male","35-44",1,0,-1,-1,2,-1,"0",1,-1,-1,1
"235","South","male","35-44",-2,-2,1,2,2,2,"2",-1,-2,1,2
"236","Tel Aviv","female","35-44",1,0,-1,1,2,-1,"1",2,-1,-1,1
"237","Tel Aviv","female","35-44",0,1,-1,2,2,2,"2",2,-2,-2,2
"238","Judea and Samaria","female","35-44",0,1,-1,2,2,2,"0",-2,-2,-1,1
"239","North","female","35-44",1,1,-1,1,1,-1,"2",-1,-2,-2,1
"240","Center","female","35-44",1,1,1,2,2,2,"2",1,-2,-2,-2
"241","North","female","35-44",0,1,-2,-2,1,2,"2",2,1,-2,2
"242","Center","female","35-44",1,1,1,1,2,-1,"2",-2,1,-2,-1
"243","Jerusalem","male","35-44",-2,-1,-2,-2,2,1,"0",1,-1,NA,NA
"244","South","female","35-44",0,1,-1,2,2,-2,"0",NA,NA,NA,1
"245","Jerusalem","female","35-44",1,1,-2,2,2,1,"2",NA,-2,-1,1
"246","Jerusalem","female","35-44",1,1,-1,1,2,2,"2",2,-2,-2,2
"247","Center","male","35-44",2,2,1,2,2,1,"1",-2,-2,-1,-2
"248","Jerusalem","female","35-44",1,1,-1,-2,2,1,"2",2,-1,-1,-2
"249","North","female","35-44",1,1,1,2,2,2,"0",1,-2,-2,1
"250","Center","male","35-44",1,0,1,-1,2,-2,"2",1,-1,-2,2
"251","Center","female","35-44",0,1,-1,2,1,2,"2",-2,-2,-2,2
"252","Center","male","35-44",2,1,1,2,2,2,"0",-1,-2,-2,-2
"253","Tel Aviv","female","35-44",1,0,1,2,2,-1,"2",2,1,-2,-2
"254","North","male","35-44",1,1,1,2,2,2,"2",-1,2,-1,-1
"255","Center","female","35-44",2,2,1,2,2,-2,"0",2,-2,-2,2
"256","South","male","35-44",2,2,-1,-2,2,2,"2",2,-2,-2,2
"257","South","male","35-44",2,2,1,2,2,2,"2",2,2,-2,2
"258","South","female","35-44",0,0,-1,2,2,2,"2",1,NA,1,1
"259","South","female","35-44",2,2,1,2,2,2,"2",2,-2,-2,-1
"260","North","female","35-44",1,1,1,1,2,2,"2",1,-1,2,-2
"261","Center","female","35-44",0,0,1,NA,NA,2,"2",-1,2,-2,2
"262","North","female","35-44",0,1,1,2,2,2,"2",2,-2,-2,-1
"263","Center","female","35-44",0,1,-2,-1,-1,2,"2",1,1,-2,2
"264","Center","male","35-44",0,0,-1,2,2,2,"2",-2,-1,-2,1
"265","Center","male","35-44",1,1,1,2,2,2,"2",2,-2,-2,-1
"266","South","female","35-44",0,1,-2,1,2,-1,"0",-2,-2,-2,2
"267","Center","female","35-44",1,-2,-1,2,2,2,"1",2,1,-2,2
"268","South","female","35-44",1,1,1,2,2,2,"2",2,-2,-2,2
"269","North","female","35-44",0,1,1,1,2,2,"2",1,-2,-1,2
"270","Tel Aviv","female","35-44",-2,2,-2,1,1,-2,"1",-2,1,2,-2
"271","Center","female","35-44",0,1,-2,1,1,-1,"2",2,-1,-1,1
"272","North","female","35-44",-2,0,-1,2,-1,2,"2",2,1,-2,2
"273","Haifa","male","35-44",0,0,-1,1,2,-1,"1",NA,-1,2,-2
"274","South","male","35-44",0,0,-1,2,2,-1,"2",-1,-1,-2,1
"275","Center","male","35-44",1,1,-1,2,1,-1,"0",-2,-1,NA,NA
"276","Tel Aviv","male","35-44",-2,0,-2,1,-2,1,"2",-2,1,-2,2
"277","Jerusalem","male","35-44",1,2,-1,-2,2,-2,"0",-1,-2,-2,2
"278","North","male","35-44",0,2,-1,-1,1,-1,"2",-1,1,1,-1
"279","Center","male","35-44",1,0,1,-1,2,2,"2",-2,-2,-2,1
"280","Haifa","female","35-44",0,0,-2,1,2,2,"0",2,-1,-1,1
"281","Tel Aviv","male","35-44",0,1,1,2,-1,2,"2",2,-2,-2,2
"282","South","female","35-44",1,1,-1,-1,2,-1,"1",1,1,-1,-1
"283","North","female","35-44",0,2,1,2,2,1,"0",2,-2,1,-1
"284","South","male","35-44",2,1,1,2,2,2,"0",2,-2,-2,2
"285","South","female","35-44",0,1,1,1,2,2,"0",1,-1,-2,1
"286","North","male","35-44",0,1,-1,1,2,1,"1",-2,1,-2,2
"287","North","male","35-44",1,0,-1,1,1,2,"1",-2,-2,-2,2
"288","North","male","35-44",0,1,-1,2,2,1,"2",-1,-2,-2,-1
"289","Tel Aviv","male","35-44",0,1,-1,-1,-1,NA,"0",1,-1,1,-1
"290","Tel Aviv","male","35-44",1,1,1,2,2,2,"2",2,-2,-2,-1
"291","Haifa","male","35-44",-1,-1,-1,1,-1,1,"2",-2,1,1,2
"292","Haifa","male","35-44",0,1,1,2,1,-1,"1",-2,-1,-1,-2
"293","North","female","35-44",0,0,-1,-1,-1,1,"0",2,NA,-1,1
"294","Center","female","35-44",-2,2,-2,-1,1,-2,"1",2,2,-2,1
"295","Tel Aviv","male","35-44",-2,2,-2,1,-1,1,"1",2,-1,1,1
"296","Center","male","35-44",1,1,-1,-1,2,-1,"1",-1,-1,-1,-1
"297","Center","male","35-44",1,2,1,1,2,-1,"2",1,-1,-1,1
"298","Tel Aviv","male","35-44",1,2,-1,-1,2,-2,"0",-1,-1,-1,-1
"299","Haifa","female","35-44",-1,0,-2,-2,2,2,"1",-2,-1,-2,2
"300","Tel Aviv","male","35-44",0,0,-2,-1,-1,-1,"1",-2,-1,2,-2
"301","Center","female","35-44",1,1,1,1,1,-1,"1",-1,1,1,-1
"302","North","male","35-44",-2,0,-2,-1,2,2,"1",-2,-1,-1,1
"303","Center","female","35-44",0,1,-1,-1,2,2,"2",2,1,-2,2
"304","North","male","35-44",1,0,1,2,2,2,"2",2,-2,-1,-1
"305","Tel Aviv","male","35-44",1,1,-2,2,2,-1,"1",-2,-2,-2,2
"306","Jerusalem","male","35-44",0,1,-1,-1,1,2,"1",1,NA,-2,2
"307","Tel Aviv","male","35-44",1,1,-1,1,2,-2,"1",-2,-2,-2,1
"308","North","female","35-44",-1,2,-2,2,2,1,"1",-1,-1,-1,1
"309","Tel Aviv","female","35-44",-1,1,-2,2,1,-2,"1",-1,-2,-1,1
"310","Center","male","35-44",1,1,1,2,2,-2,"0",-1,1,-1,1
"311","Center","male","35-44",0,1,1,1,-1,2,"0",-2,-2,1,-2
"312","Center","female","35-44",0,0,-1,2,2,1,"2",2,1,-1,2
"313","Tel Aviv","male","35-44",0,0,1,1,2,1,"2",1,-1,-1,2
"314","North","female","35-44",1,0,-1,2,2,1,"2",1,-1,-2,2
"315","Center","female","35-44",0,0,-1,-1,2,-1,"2",2,1,-1,-1
"316","Center","female","35-44",0,0,-1,-1,2,-1,"1",-1,-1,-1,1
"317","Center","female","35-44",0,1,-2,2,2,-2,"1",-2,-2,2,-2
"318","Haifa","female","35-44",0,NA,-2,1,-2,-2,"1",-2,-1,2,-2
"319","Tel Aviv","female","35-44",1,0,-1,1,2,2,"0",2,-2,-2,2
"320","North","male","35-44",0,NA,-2,1,2,2,"2",2,-2,-2,2
"321","Jerusalem","female","35-44",0,2,-2,2,1,-1,"1",2,-2,2,-2
"322","Center","male","35-44",0,1,-2,2,-1,-2,"1",-2,-1,2,-2
"323","Haifa","female","35-44",1,1,1,-1,2,1,"2",1,-1,-1,1
"324","Center","male","35-44",0,0,-1,1,1,-1,"1",-2,-2,1,1
"325","Center","female","35-44",0,1,-1,1,1,-1,"0",-1,-1,-2,1
"326","Tel Aviv","male","35-44",-1,1,-1,2,2,-1,"0",1,-2,-1,1
"327","Center","female","35-44",0,1,-1,2,2,-1,"1",-1,-1,-1,-1
"328","Center","female","35-44",-1,1,-2,-1,1,-2,"1",-1,1,-2,-1
"329","South","female","35-44",-1,1,-2,2,2,1,"2",-1,2,-2,2
"330","Center","female","35-44",0,0,-1,-1,1,-2,"1",-1,-1,1,-1
"331","Tel Aviv","female","35-44",0,2,-1,2,2,-2,"1",-1,-1,NA,-1
"332","Center","male","35-44",1,0,1,1,2,-2,"1",1,-1,2,-2
"333","Center","male","35-44",2,1,1,1,1,-2,"0",-1,-2,1,-1
"334","South","male","35-44",1,2,-1,1,1,-1,"1",2,-2,-2,2
"335","Tel Aviv","male","35-44",1,1,1,1,1,-1,"1",1,-1,-1,-2
"336","South","female","35-44",0,1,1,1,1,1,"2",-2,-2,2,-2
"337","Center","female","35-44",-1,1,-1,1,-1,-1,"1",-2,-2,1,-2
"338","Center","male","35-44",2,2,1,-1,2,1,"1",1,-1,-1,1
"339","Center","male","35-44",0,1,-2,2,2,-1,"0",-1,1,-2,2
"340","Jerusalem","male","35-44",0,1,-1,2,2,-1,"1",-1,-2,2,1
"341","Center","female","35-44",0,1,-2,1,2,-1,"0",NA,-2,-1,NA
"342","Center","male","35-44",1,1,-1,-2,1,1,"2",2,-2,-2,2
"343","South","female","35-44",0,1,-2,-2,-1,NA,"NA",1,NA,-1,-1
"344","Center","male","35-44",NA,1,-1,2,2,1,"1",-1,-2,-1,-2
"345","South","female","35-44",0,1,-1,1,2,2,"0",1,-2,-2,-1
"346","North","female","35-44",-1,1,-1,1,2,1,"2",-1,1,-2,1
"347","North","female","35-44",0,1,1,2,2,1,"1",2,1,2,-2
"348","South","female","35-44",-2,0,-2,1,-2,-2,"1",-2,-1,2,-2
"349","North","female","35-44",1,2,1,2,2,1,"2",1,-2,-2,2
"350","North","male","35-44",1,1,1,2,2,1,"1",-1,-2,-1,-2
"351","South","male","35-44",-1,1,-2,-1,-1,-2,"1",-2,-2,1,-2
"352","North","female","35-44",NA,NA,-1,-1,-2,-1,"1",1,-2,2,-2
"353","North","male","35-44",0,2,-2,2,2,1,"2",-2,-2,-2,2
"354","Center","female","35-44",-1,1,-2,1,-2,-2,"1",-2,1,NA,1
"355","Tel Aviv","male","35-44",1,1,1,1,NA,NA,"-1",-2,-2,-2,-2
"356","Tel Aviv","male","35-44",2,2,-1,2,2,-2,"1",-2,-2,-2,-1
"357","Center","female","35-44",1,1,-1,2,2,1,"1",-2,1,1,-2
"358","South","male","35-44",-2,-2,-2,1,-1,2,"2",-2,NA,-2,2
"359","Judea and Samaria","female","35-44",1,1,-1,-1,1,2,"2",2,-2,-2,2
"360","Tel Aviv","male","35-44",0,0,-1,2,2,1,"1",-2,-2,-1,-1
"361","Center","female","35-44",0,2,-1,1,1,-1,"1",-1,-1,-1,-1
"362","South","male","35-44",2,1,1,2,2,2,"0",2,2,-2,-1
"363","Haifa","female","35-44",1,2,-1,2,-1,-2,"1",-2,-2,2,-2
"364","South","female","35-44",1,1,-1,1,1,1,"1",1,-2,-1,1
"365","North","female","35-44",1,2,-1,-1,2,2,"2",2,-1,-2,2
"366","Haifa","female","35-44",1,2,1,2,2,2,"2",2,-1,-2,2
"367","Center","female","35-44",1,1,-1,2,2,-1,"0",-2,-2,-2,2
"368","Center","male","35-44",-1,1,-2,-2,-1,-2,"1",-2,-1,-1,-2
"369","Center","female","35-44",1,1,-2,-1,2,NA,"1",-1,1,1,-1
"370","Center","female","35-44",1,1,-1,2,2,1,"2",1,-1,-2,2
"371","Tel Aviv","male","35-44",2,2,1,2,2,1,"2",2,1,1,-1
"372","Center","female","35-44",0,0,-1,1,1,-1,"1",-1,-1,-1,1
"373","Jerusalem","female","45-54",2,2,-1,2,2,2,"2",-2,-2,-2,2
"374","South","female","45-54",-1,1,-1,1,1,1,"2",2,1,1,-1
"375","Jerusalem","female","45-54",0,1,-2,1,1,1,"2",1,1,-1,1
"376","Haifa","female","45-54",0,0,-1,1,2,2,"2",2,-1,-2,2
"377","Center","female","45-54",-2,1,-2,-1,2,2,"2",1,2,-2,2
"378","Center","male","45-54",1,2,1,2,2,1,"2",1,-2,-2,2
"379","Judea and Samaria","female","45-54",-1,1,-1,2,2,1,"0",2,-2,-1,-2
"380","Center","male","45-54",0,1,-1,2,2,1,"1",-1,-2,-2,2
"381","Judea and Samaria","female","45-54",2,1,-1,-1,2,2,"2",-1,-1,-2,-1
"382","Tel Aviv","female","45-54",1,1,-1,1,2,-1,"2",2,-2,-2,2
"383","Jerusalem","female","45-54",1,2,-2,1,2,-1,"2",1,-1,-2,2
"384","Center","male","45-54",-2,0,-2,2,2,2,"2",2,1,-2,2
"385","South","female","45-54",0,1,-2,1,2,2,"2",NA,1,-1,2
"386","Center","male","45-54",1,1,1,1,2,1,"2",2,1,-2,1
"387","Center","female","45-54",-1,1,-1,NA,2,2,"0",NA,NA,-2,2
"388","Center","female","45-54",1,1,-1,1,1,1,"0",-1,-2,-2,1
"389","Center","male","45-54",-2,-1,-2,-2,2,2,"2",-2,-1,-2,2
"390","Center","male","45-54",0,1,-1,1,2,1,"0",-1,-1,-1,-1
"391","South","male","45-54",0,1,1,1,2,2,"2",-1,-1,2,2
"392","Judea and Samaria","female","45-54",-2,0,-2,-2,-2,2,"2",-2,2,-1,-1
"393","Tel Aviv","female","45-54",0,NA,-1,2,2,NA,"0",NA,-2,-2,2
"394","Center","female","45-54",0,1,2,2,2,1,"1",2,-2,1,1
"395","Jerusalem","female","45-54",0,0,-2,2,-1,1,"0",-1,-1,1,-1
"396","South","female","45-54",1,1,-1,1,2,-2,"2",2,-2,-2,2
"397","North","female","45-54",1,1,1,1,2,2,"2",1,-2,-2,-1
"398","South","male","45-54",1,1,1,2,2,2,"0",1,-2,-2,-2
"399","South","female","45-54",1,1,-2,2,2,2,"0",1,1,-2,2
"400","Center","male","45-54",2,0,-2,-2,2,2,"1",2,-2,-2,2
"401","North","female","45-54",0,0,-1,1,2,2,"2",-1,-2,-2,-1
"402","Center","female","45-54",0,1,-1,-1,2,-2,"2",2,-2,-2,-2
"403","Haifa","female","45-54",-1,0,-2,1,-1,-1,"1",1,-2,-2,1
"404","Center","female","45-54",-1,1,NA,-2,-1,1,"2",1,-2,-1,-1
"405","South","female","45-54",0,-1,-1,1,2,1,"2",2,1,-2,2
"406","Center","male","45-54",0,1,1,2,2,-2,"0",1,1,1,1
"407","Jerusalem","female","45-54",1,1,-1,1,2,2,"1",2,1,-2,-1
"408","Jerusalem","male","45-54",0,0,NA,2,1,1,"2",-1,-1,-2,2
"409","Jerusalem","male","45-54",2,1,-2,2,2,-1,"2",-1,-2,-2,2
"410","Center","female","45-54",2,2,1,1,2,1,"1",-2,-1,-2,2
"411","Tel Aviv","male","45-54",2,1,1,2,2,2,"2",2,-1,-2,1
"412","Center","male","45-54",1,NA,NA,2,2,-1,"2",-2,-2,-1,1
"413","South","male","45-54",1,0,-2,2,2,-1,"2",NA,NA,-2,2
"414","South","male","45-54",1,2,-1,2,2,2,"2",2,-2,-2,2
"415","Haifa","male","45-54",1,1,-1,2,1,1,"1",-1,-2,-2,-1
"416","Judea and Samaria","male","45-54",1,1,-1,2,2,-1,"2",1,-2,-2,2
"417","Haifa","female","45-54",-1,0,-2,NA,-1,1,"2",NA,1,-2,2
"418","Haifa","male","45-54",-1,0,-2,2,1,1,"2",-2,2,-2,-2
"419","South","male","45-54",-1,0,1,1,2,1,"2",2,1,-2,1
"420","Center","male","45-54",1,0,1,-2,-1,1,"0",1,-1,-1,1
"421","Jerusalem","male","45-54",1,1,-1,1,1,-1,"1",2,-1,-1,2
"422","Jerusalem","female","45-54",-1,1,-2,2,1,-2,"1",-1,-1,-2,2
"423","South","female","45-54",0,1,NA,1,2,2,"0",NA,NA,-2,1
"424","Center","female","45-54",0,2,-1,1,2,-1,"2",1,2,2,1
"425","Center","female","45-54",-1,-1,-1,2,2,2,"0",1,-1,-2,2
"426","Tel Aviv","male","45-54",2,2,2,2,1,2,"0",-1,-2,-2,-1
"427","Tel Aviv","male","45-54",1,0,1,2,2,1,"2",-2,-2,-2,-1
"428","South","male","45-54",2,0,2,2,2,1,"1",1,1,-2,2
"429","Tel Aviv","female","45-54",1,1,1,1,2,2,"2",2,-1,-2,2
"430","Haifa","female","45-54",1,0,NA,1,2,1,"1",2,-2,-2,-2
"431","Jerusalem","female","45-54",NA,1,-1,2,2,-1,"2",2,-2,-2,2
"432","Center","female","45-54",1,1,-1,1,2,2,"0",-1,-2,-1,-2
"433","North","female","45-54",2,2,1,2,2,2,"1",2,1,-1,2
"434","Haifa","female","45-54",1,1,1,1,2,1,"0",-2,1,1,-1
"435","Haifa","female","45-54",0,0,-2,2,2,2,"2",-1,-1,-2,2
"436","Jerusalem","male","45-54",-1,-1,1,NA,2,-2,"1",2,-2,-2,1
"437","Center","female","45-54",-2,0,-1,2,2,-1,"2",-1,-1,NA,1
"438","Tel Aviv","female","45-54",1,2,1,1,2,2,"2",-2,2,-2,2
"439","Center","female","45-54",0,1,1,2,2,2,"1",-1,-1,-1,-1
"440","Center","male","45-54",NA,-1,-2,1,-2,-1,"1",-2,-2,-1,2
"441","Haifa","female","45-54",0,2,-1,2,2,-1,"0",-1,-2,-1,1
"442","Tel Aviv","male","45-54",1,1,1,1,2,2,"2",-2,-2,-2,2
"443","Center","male","45-54",-2,2,-2,1,1,2,"2",-2,2,-1,2
"444","Center","female","45-54",-2,2,-1,2,2,-1,"1",-1,-1,-1,1
"445","Center","female","45-54",0,1,-1,1,2,2,"2",-1,2,-2,-1
"446","Jerusalem","male","45-54",0,NA,-1,2,2,2,"2",2,-1,-1,2
"447","Jerusalem","female","45-54",1,1,1,2,2,1,"0",-1,-2,-2,-2
"448","Center","male","45-54",1,0,-1,1,1,-1,"1",-1,-1,-1,1
"449","Tel Aviv","female","45-54",1,2,NA,2,2,-2,"1",-2,-2,2,-2
"450","Jerusalem","female","45-54",0,1,-1,2,1,2,"1",NA,1,-1,1
"451","North","female","45-54",0,1,-1,1,2,-1,"1",1,-2,-1,1
"452","North","female","45-54",1,1,-2,1,1,2,"2",-1,1,-2,2
"453","Tel Aviv","male","45-54",0,1,-1,1,-1,1,"1",-2,-2,NA,-1
"454","Center","male","45-54",1,1,-1,1,1,-1,"0",-1,-2,1,-2
"455","Haifa","male","45-54",0,0,1,2,2,-1,"1",-2,-1,2,-2
"456","Tel Aviv","female","45-54",2,1,1,1,2,1,"0",2,-1,-2,2
"457","Haifa","male","45-54",1,2,1,2,2,1,"2",1,-2,-1,1
"458","Tel Aviv","male","45-54",1,-1,-2,2,2,-1,"0",2,-2,1,-1
"459","Judea and Samaria","male","45-54",0,-1,-1,2,2,2,"0",1,-1,-2,-2
"460","Tel Aviv","male","45-54",1,1,-1,2,2,1,"1",-1,-2,2,-2
"461","Center","female","45-54",0,0,-1,-2,1,-1,"0",-2,2,-1,-1
"462","North","female","45-54",0,1,-1,1,2,-1,"1",-1,-2,-1,-1
"463","Judea and Samaria","female","45-54",-1,0,-2,1,1,1,"2",-1,-2,1,1
"464","Jerusalem","female","45-54",0,1,-1,1,1,-1,"1",2,-2,-1,-2
"465","Haifa","female","45-54",NA,NA,-2,1,1,2,"0",2,-2,-2,2
"466","Center","female","45-54",1,2,1,1,2,1,"1",2,NA,1,2
"467","Center","female","45-54",1,1,-2,NA,2,-2,"0",2,-1,-2,2
"468","Haifa","male","45-54",1,1,-1,1,2,-1,"1",-2,-1,-1,1
"469","Tel Aviv","female","45-54",-2,1,-2,-2,-2,2,"1",-2,-2,-2,2
"470","Haifa","female","45-54",1,0,NA,2,NA,2,"0",NA,2,-2,NA
"471","Haifa","male","45-54",1,1,1,2,-1,-2,"1",-2,-2,-2,1
"472","Center","female","45-54",0,0,-1,2,2,-1,"1",-2,-2,2,NA
"473","Center","female","45-54",0,1,1,1,2,-1,"0",-1,-1,-1,1
"474","North","female","45-54",-2,-1,-2,1,-2,2,"2",2,1,-2,2
"475","Haifa","male","45-54",1,1,1,2,2,2,"2",-2,-2,-2,1
"476","Tel Aviv","male","45-54",-1,-1,-2,1,2,2,"1",-2,-1,-1,1
"477","Tel Aviv","female","45-54",-1,1,1,2,2,-2,"1",2,NA,-2,2
"478","Tel Aviv","female","45-54",-1,-1,-2,2,2,-1,"0",-2,-2,NA,2
"479","Tel Aviv","male","45-54",1,0,1,2,2,2,"1",2,-2,-2,-1
"480","Haifa","male","45-54",1,1,-1,1,1,-1,"1",-1,1,-1,1
"481","Haifa","female","45-54",0,1,NA,2,2,2,"2",2,-1,-1,1
"482","Haifa","female","45-54",-2,0,-1,2,1,2,"1",1,-2,-2,2
"483","Tel Aviv","male","45-54",0,1,-1,2,2,2,"0",2,1,-2,2
"484","Center","female","45-54",1,1,-2,2,2,-2,"0",-2,-2,2,-2
"485","Tel Aviv","female","45-54",0,1,-2,2,1,-2,"1",-1,-2,2,-2
"486","North","female","45-54",1,1,1,1,2,2,"2",2,-2,-2,2
"487","Haifa","male","45-54",0,0,-1,-1,-1,-1,"1",-2,-2,NA,NA
"488","Tel Aviv","female","45-54",-2,1,-2,-2,-1,-1,"0",-2,-1,-1,-1
"489","Tel Aviv","male","45-54",1,1,1,-1,-1,-1,"1",-2,-2,2,NA
"490","South","male","45-54",0,1,-1,2,2,-2,"1",-2,-2,2,-2
"491","Haifa","female","45-54",0,NA,-2,2,2,-1,"2",-2,1,-1,-1
"492","Tel Aviv","female","45-54",0,1,1,1,1,-1,"1",1,-2,-1,1
"493","Tel Aviv","male","45-54",-1,-2,-2,NA,-1,2,"2",-2,2,-2,-2
"494","Center","female","45-54",0,0,1,-2,2,1,"1",NA,NA,NA,NA
"495","Haifa","male","45-54",1,0,-1,1,2,-1,"0",-2,1,NA,-1
"496","Tel Aviv","male","45-54",2,1,2,2,2,2,"0",2,-1,-2,-1
"497","Haifa","female","45-54",1,2,1,2,2,2,"0",2,1,-2,-1
"498","Jerusalem","female","45-54",-1,0,-2,2,2,-1,"1",-2,-1,2,-2
"499","Tel Aviv","male","45-54",0,1,-2,-1,2,2,"0",2,-2,-2,2
"500","North","male","45-54",1,1,1,2,2,1,"0",1,-1,-1,-1
"501","South","male","45-54",1,0,-1,1,2,-1,"1",-2,-1,-2,1
"502","Tel Aviv","male","45-54",2,1,1,1,2,2,"2",NA,-1,-1,1
"503","Tel Aviv","female","45-54",1,1,1,2,2,NA,"1",1,NA,1,-1
"504","Tel Aviv","male","45-54",-1,0,-2,2,-2,1,"0",-2,-2,-1,1
"505","Tel Aviv","female","45-54",0,1,-1,1,2,-2,"1",-2,1,NA,NA
"506","South","male","45-54",2,2,1,1,2,-2,"0",-2,2,-2,-2
"507","South","female","45-54",-1,0,-1,2,2,1,"1",-2,-1,1,-2
"508","Center","female","45-54",0,0,1,NA,2,1,"NA",1,1,-2,NA
"509","Jerusalem","male","45-54",0,2,-2,1,1,-2,"1",-2,-1,2,-2
"510","Tel Aviv","female","45-54",1,2,1,NA,2,2,"2",-2,-2,-2,2
"511","Tel Aviv","female","55-64",0,2,-2,2,2,-1,"2",2,-2,-2,2
"512","Judea and Samaria","male","55-64",0,1,-1,1,NA,-1,"2",-2,1,-1,-1
"513","South","female","55-64",0,0,-1,1,2,2,"2",-2,2,-2,2
"514","South","male","55-64",2,2,1,2,2,NA,"0",1,NA,-2,2
"515","South","female","55-64",2,2,1,2,2,-1,"2",2,-2,-2,2
"516","Center","female","55-64",1,2,-1,2,2,-1,"2",2,-1,-1,1
"517","South","male","55-64",1,2,-1,2,2,-1,"2",1,-1,-1,-2
"518","Jerusalem","male","55-64",2,1,1,1,2,2,"2",1,-1,-2,2
"519","Haifa","female","55-64",0,1,-1,2,1,2,"2",2,-1,-2,1
"520","South","female","55-64",0,0,-1,-1,-1,1,"1",-2,2,1,-1
"521","Tel Aviv","female","55-64",1,0,-1,1,2,2,"2",-2,-2,-2,2
"522","Haifa","female","55-64",0,1,-1,2,1,2,"2",1,1,-2,2
"523","South","female","55-64",0,0,-1,-2,2,NA,"2",-1,-1,-2,-1
"524","Jerusalem","female","55-64",1,2,-1,2,2,-1,"0",-2,-1,-2,2
"525","Jerusalem","male","55-64",2,1,1,2,2,1,"2",-2,1,-2,2
"526","Jerusalem","female","55-64",0,-2,1,2,2,2,"2",-1,NA,-2,2
"527","North","female","55-64",NA,1,1,-1,2,-1,"2",2,-1,-1,-1
"528","Jerusalem","female","55-64",0,0,-1,-1,1,2,"2",1,1,-2,NA
"529","Tel Aviv","female","55-64",1,0,-1,1,2,1,"2",-2,2,-2,2
"530","Haifa","male","55-64",2,2,2,1,2,2,"0",-2,2,-2,-2
"531","North","female","55-64",0,0,-2,-1,2,2,"2",2,2,-2,2
"532","Haifa","female","55-64",0,-1,1,2,2,2,"2",2,-2,-2,2
"533","Jerusalem","female","55-64",0,-2,1,1,2,2,"2",-1,2,-1,1
"534","Center","male","55-64",0,0,1,1,2,1,"0",2,-2,-2,2
"535","South","female","55-64",0,0,-2,2,2,-2,"0",2,-1,1,-2
"536","Tel Aviv","male","55-64",0,2,NA,-1,2,2,"2",-1,-1,-2,2
"537","Haifa","female","55-64",0,2,-2,2,-1,-2,"1",-2,-2,2,-2
"538","Tel Aviv","female","55-64",1,1,1,2,2,2,"2",1,-1,-1,2
"539","Haifa","female","55-64",-1,1,-1,-2,1,2,"2",1,-1,-2,2
"540","Center","female","55-64",2,1,1,2,2,NA,"2",2,-2,-2,2
"541","North","male","55-64",1,1,-1,1,2,-1,"2",1,-2,2,2
"542","Tel Aviv","female","55-64",0,1,-1,1,2,1,"2",2,-2,-2,2
"543","Tel Aviv","male","55-64",0,NA,NA,2,2,-2,"1",-2,-1,2,-2
"544","Tel Aviv","male","55-64",1,1,1,2,2,2,"1",-2,-2,-2,2
"545","Tel Aviv","female","55-64",1,1,1,2,2,-1,"0",-1,-2,-2,-1
"546","Haifa","female","55-64",0,1,-1,2,1,-1,"1",2,-2,-2,1
"547","Tel Aviv","male","55-64",0,NA,1,1,2,2,"0",-2,-2,-1,-2
"548","North","female","55-64",1,1,-1,1,2,1,"1",1,-2,-2,1
"549","Tel Aviv","female","55-64",1,0,-2,2,2,1,"0",2,1,-2,1
"550","Center","male","55-64",1,1,1,2,2,2,"0",-2,-2,-2,1
"551","Tel Aviv","female","55-64",-1,-1,-2,2,-1,2,"1",NA,1,2,1
"552","Center","male","55-64",0,1,-2,2,1,-1,"0",1,-2,-1,1
"553","North","female","55-64",0,1,-1,2,2,2,"1",2,-1,-1,-2
"554","Center","female","55-64",1,1,-1,1,2,2,"0",2,-1,-2,2
"555","Center","male","55-64",0,2,1,1,2,-1,"0",-1,-2,-2,1
"556","South","male","55-64",-1,0,-1,1,1,-1,"0",-2,-1,1,-1
"557","Jerusalem","male","55-64",1,2,1,2,2,-1,"1",2,-2,-2,-1
"558","Tel Aviv","male","55-64",1,1,-1,2,2,1,"0",-2,-2,-2,2
"559","North","female","55-64",-1,0,-2,1,2,2,"1",-2,2,-2,2
"560","Center","female","55-64",0,1,-1,2,2,1,"0",-1,NA,-2,2
"561","North","female","55-64",0,0,-2,2,2,2,"2",2,-2,-2,2
"562","Center","female","55-64",-1,1,-1,1,2,-2,"0",-1,-1,1,-2
"563","Haifa","female","55-64",0,1,-1,1,2,-1,"0",-1,-1,-2,1
"564","Center","male","55-64",1,1,-1,1,NA,1,"1",-1,1,1,-1
"565","South","female","55-64",0,0,1,1,-1,-1,"0",1,1,-1,-1
"566","Jerusalem","male","55-64",0,2,-2,2,2,-2,"0",-2,-1,-1,-1
"567","North","female","55-64",0,1,1,1,2,1,"1",NA,-1,-1,2
"568","Tel Aviv","female","55-64",0,2,-2,1,2,-2,"1",-2,-2,1,-1
"569","Jerusalem","male","55-64",0,0,-2,2,2,1,"1",-2,-2,2,-2
"570","Tel Aviv","male","55-64",-2,-2,-2,NA,NA,-1,"1",2,-1,-2,2
"571","North","male","55-64",1,1,-2,2,2,2,"1",-2,-2,-2,2
"572","Center","male","55-64",1,1,-1,2,2,-2,"1",-2,-2,-1,-1
"573","Tel Aviv","female","55-64",2,1,2,2,2,1,"2",-2,-2,-2,-1
"574","Center","male","55-64",1,1,1,1,1,2,"0",2,-1,-2,-1
"575","North","male","55-64",0,1,1,1,1,-1,"0",-1,-1,1,-1
"576","Tel Aviv","female","55-64",0,1,-2,2,1,-1,"1",2,-2,-2,2
"577","Judea and Samaria","female","55-64",1,1,-1,2,2,-1,"0",-2,-2,-2,2
"578","South","male","55-64",0,0,-1,1,1,2,"0",-2,-2,-2,2
"579","Jerusalem","female","55-64",-1,1,-2,-1,-1,1,"2",1,NA,-1,1
"580","Haifa","male","55-64",-1,1,-1,1,1,2,"1",-2,-2,-1,1
"581","Tel Aviv","female","55-64",0,1,-2,2,-1,-2,"1",-2,-2,2,-2
"582","Tel Aviv","female","55-64",0,1,1,1,1,NA,"0",NA,NA,NA,NA
"583","Center","female","55-64",0,2,-1,2,1,2,"1",1,1,-1,1
"584","Center","female","55-64",1,0,-1,1,1,-1,"1",1,NA,-1,1
"585","Haifa","female","55-64",0,0,-1,1,2,-1,"2",-2,1,-1,1
"586","Center","female","55-64",-2,-2,-2,-1,2,-1,"1",2,-1,-2,-2
"587","North","female","55-64",0,0,-2,NA,2,-1,"1",-2,1,1,-1
"588","Tel Aviv","male","55-64",2,2,-1,-1,2,2,"2",2,-1,-2,1
"589","Tel Aviv","female","55-64",-1,1,-2,2,-1,2,"1",-1,1,1,-2
"590","Tel Aviv","female","55-64",1,NA,-1,1,2,2,"0",-2,1,2,-2
"591","Tel Aviv","male","55-64",0,2,-1,2,2,2,"2",2,-1,-2,2
"592","Jerusalem","female","55-64",0,1,-2,-1,2,-2,"1",-2,-2,-1,-2
"593","Haifa","male","55-64",1,2,-1,2,2,1,"0",1,-1,-2,-1
"594","Haifa","female","55-64",2,2,1,2,2,-1,"1",1,-1,1,-1
"595","Haifa","female","55-64",1,2,-1,1,1,-1,"0",1,-1,-1,1
"596","Haifa","female","55-64",1,1,1,1,1,1,"2",-2,1,-1,1
"597","Center","female","55-64",0,1,-1,2,2,2,"1",-1,-2,-2,1
"598","Haifa","female","55-64",0,0,-1,NA,2,1,"0",-1,NA,-2,1
"599","Tel Aviv","female","55-64",-2,1,-2,1,1,-2,"1",1,-2,-1,1
"600","Haifa","male","55-64",1,1,1,1,2,-1,"1",1,-2,2,-2
"601","Haifa","male","55-64",-2,0,-2,-2,-2,1,"1",2,-1,-2,-1
"602","North","male","55-64",-2,1,-2,NA,1,-1,"1",-2,-2,2,-2
"603","Haifa","male","55-64",1,1,1,1,2,-2,"1",-2,-2,-2,2
"604","North","male","55-64",1,1,1,2,2,-1,"1",-1,1,-2,-1
"605","South","female","55-64",-1,1,-2,-1,2,-2,"1",-2,-2,2,-2
"606","Haifa","male","55-64",1,2,-1,-2,-1,-2,"1",-2,-2,-2,-2
"607","Center","male","55-64",2,2,2,2,2,-1,"2",-2,1,-2,2
"608","Haifa","female","55-64",1,1,NA,1,2,2,"2",2,-2,-2,2
"609","Center","female","55-64",0,-1,-1,2,2,1,"0",-1,-2,-2,2
"610","Tel Aviv","male","55-64",1,1,-1,2,1,-1,"1",-2,-2,2,-2
"611","Tel Aviv","female","55-64",0,1,-2,1,-1,-2,"1",-1,-2,1,-1
"612","Haifa","female","55-64",2,2,NA,2,2,2,"2",-2,-2,-2,2
"613","Haifa","female","55-64",-1,0,-1,-1,-1,1,"1",1,-1,-1,1
"614","North","female","55-64",0,0,-2,2,2,2,"2",2,-1,-1,1
"615","Haifa","male","55-64",-2,2,-2,-2,-2,-2,"1",-2,2,2,-2
"616","Jerusalem","male","65+",NA,NA,-2,NA,NA,2,"2",-2,1,-2,2
"617","Tel Aviv","female","65+",0,1,1,1,2,-1,"2",-2,NA,-2,1
"618","Tel Aviv","female","65+",1,2,-1,2,1,2,"2",-2,-2,-2,2
"619","Tel Aviv","female","65+",-1,-1,1,2,2,2,"1",2,-2,-2,2
"620","Center","male","65+",0,-2,-2,-2,2,2,"1",-2,-2,-2,2
"621","Center","female","65+",0,-1,-2,2,-1,2,"2",2,-2,-2,2
"622","Tel Aviv","male","65+",2,2,2,2,2,2,"2",2,-2,-2,2
"623","Jerusalem","female","65+",2,1,1,1,2,2,"2",2,2,-2,2
"624","South","female","65+",0,0,-1,-1,1,-1,"1",2,-2,NA,NA
"625","South","female","65+",0,1,1,2,2,NA,"2",2,-1,-2,2
"626","Tel Aviv","female","65+",0,1,-1,2,2,2,"2",-2,2,-1,1
"627","Tel Aviv","female","65+",-2,0,-2,2,2,-2,"2",-2,-2,-1,2
"628","Jerusalem","female","65+",0,0,-1,-2,2,2,"2",-1,-1,-1,1
"629","Tel Aviv","female","65+",1,-1,-1,1,2,-1,"0",2,1,NA,NA
"630","Center","female","65+",0,0,-1,2,2,1,"2",2,-1,-1,1
"631","Haifa","female","65+",0,0,-1,1,2,2,"2",2,-1,-2,2
"632","Haifa","female","65+",0,0,1,2,2,2,"2",NA,-2,-2,1
"633","Tel Aviv","female","65+",1,-1,1,1,2,NA,"0",NA,-2,-2,-2
"634","Jerusalem","male","65+",1,1,NA,1,2,-1,"1",-1,-1,-1,-2
"635","South","female","65+",-2,2,NA,1,2,2,"2",NA,-1,-2,2
"636","Center","female","65+",0,-1,-1,2,2,2,"1",1,-1,-2,2
"637","North","female","65+",0,0,1,1,2,2,"2",2,-2,-2,2
"638","Jerusalem","male","65+",2,2,NA,2,2,2,"0",2,-1,-2,2
"639","Center","female","65+",2,-1,1,1,2,2,"0",2,1,-2,2
"640","North","female","65+",0,1,1,2,2,2,"2",2,2,-2,2
"641","South","female","65+",1,1,1,1,1,1,"2",-1,-1,-1,1
"642","Tel Aviv","female","65+",0,0,1,1,2,-1,"0",1,-2,-1,1
"643","Tel Aviv","male","65+",NA,2,-1,2,2,1,"0",1,-2,NA,-2
"644","South","male","65+",1,1,2,2,2,2,"0",1,-1,-2,2
"645","Center","female","65+",0,1,1,2,2,1,"1",1,-2,-2,2
"646","Tel Aviv","female","65+",1,1,1,1,2,1,"2",1,-1,-2,1
"647","Tel Aviv","female","65+",1,1,2,2,2,2,"2",-2,1,-2,2
"648","Haifa","female","65+",1,-1,1,2,2,2,"0",-1,-2,2,-2
"649","South","female","65+",0,1,-1,2,-1,-2,"0",-1,-2,-1,NA
"650","Tel Aviv","female","65+",1,1,1,-1,2,1,"2",-2,1,-2,2
"651","Center","male","65+",2,2,2,2,2,2,"0",-2,-2,-2,2
"652","Haifa","female","65+",0,1,-1,1,2,-1,"0",2,-1,NA,NA
"653","Center","male","65+",1,1,1,2,2,2,"2",1,-2,-2,1
"654","North","female","65+",NA,1,NA,2,1,NA,"1",-1,-2,NA,1
"655","Tel Aviv","male","65+",1,1,-1,2,2,1,"1",-1,-1,-2,-2
"656","Tel Aviv","female","65+",1,1,-1,1,2,-1,"1",2,-2,-2,2
"657","Jerusalem","male","65+",2,1,1,2,2,-1,"0",-2,-1,2,-2
"658","Haifa","male","65+",0,1,1,1,2,-1,"2",-2,1,2,-2
"659","Tel Aviv","male","65+",0,1,-1,2,2,1,"2",1,-1,1,-1
"660","South","female","65+",0,1,-1,2,1,-1,"1",-2,-1,-1,NA
"661","Haifa","female","65+",1,1,-2,1,2,-1,"0",2,NA,-1,1
"662","Haifa","female","65+",1,1,-1,2,2,-1,"2",2,-1,-2,2
"663","North","male","65+",0,0,1,1,NA,2,"2",2,-2,-2,2
"664","North","female","65+",-1,1,-2,2,-2,-2,"1",-2,-1,2,-2
"665","North","male","65+",0,1,-1,2,1,-2,"1",-2,-2,-1,-1
"666","Tel Aviv","male","65+",0,2,-2,2,1,-2,"0",-1,-1,-1,1
"667","Tel Aviv","female","65+",0,0,-1,NA,2,-1,"0",-2,-1,2,1
"668","Tel Aviv","male","65+",0,1,1,2,2,-1,"1",NA,-1,NA,1
"669","North","male","65+",-2,-1,-2,2,2,-1,"0",1,-1,1,-1
"670","Center","male","65+",0,1,-2,1,1,2,"2",2,-2,-1,2
"671","Haifa","male","65+",1,1,-1,1,1,2,"2",1,-1,-1,1
"672","North","male","65+",0,1,-1,2,2,1,"0",-2,-2,-2,2
"673","Tel Aviv","male","65+",1,1,1,1,2,-1,"1",1,-2,2,-2
"674","Center","female","65+",0,1,-1,1,2,1,"1",2,-1,-2,1
"675","Haifa","female","65+",0,2,-2,2,2,-2,"1",-2,-2,-2,-1
"676","Center","male","65+",1,1,1,1,2,-1,"0",-1,-1,1,-1
"677","Haifa","female","65+",0,1,1,1,1,2,"0",1,-1,-2,1
"678","South","male","65+",0,1,-1,1,2,-1,"1",2,1,-2,-1
"679","Center","male","65+",0,0,-2,2,1,1,"2",1,-1,-2,-1
"680","Tel Aviv","female","65+",2,2,-2,2,2,-2,"1",2,1,-2,2
"681","Tel Aviv","female","65+",-1,0,-2,-1,1,-1,"1",-1,1,-2,1
"682","Center","male","65+",1,1,-1,1,2,2,"0",-2,-2,-2,-1
"683","South","female","65+",0,1,-2,1,2,-2,"1",-2,-2,-2,2
"684","Jerusalem","female","65+",-2,0,-2,2,2,2,"1",2,-2,-2,2
"685","Tel Aviv","female","65+",-2,1,-1,2,2,-2,"1",-2,-2,-2,2
"686","Tel Aviv","male","65+",-1,0,-1,2,2,-2,"1",-2,-1,2,-2
"687","Tel Aviv","female","65+",0,1,NA,2,2,NA,"2",NA,NA,-1,1
"688","Jerusalem","female","65+",0,1,-1,2,1,-1,"0",-2,1,2,-2
"689","Haifa","female","65+",0,1,-1,2,2,1,"1",2,-2,-2,2
"690","Judea and Samaria","male","65+",1,1,-1,1,1,-1,"1",-1,-2,-2,2
"691","Tel Aviv","female","65+",1,1,1,2,2,-1,"0",2,-1,-2,2
"692","North","male","65+",1,1,-2,1,1,-1,"1",-1,-2,2,-2
"693","Tel Aviv","male","65+",1,1,-1,2,2,1,"2",2,-2,-2,-2
"694","Tel Aviv","female","65+",-2,1,-1,2,2,NA,"0",2,NA,-1,1
"695","Haifa","female","65+",1,2,1,2,2,2,"0",2,-2,-2,2
"696","South","female","65+",0,-1,-1,-2,1,2,"1",1,-2,-2,2
"697","Center","female","65+",1,1,NA,2,2,NA,"0",1,-1,-1,1
"698","Tel Aviv","female","65+",-1,2,-2,2,NA,-2,"1",-1,-2,2,-2
"699","Center","male","65+",1,1,-1,1,1,2,"1",2,-2,-2,-1
"700","Tel Aviv","female","65+",-1,1,-2,NA,1,1,"1",2,NA,-1,2
"701","South","male","65+",0,1,-2,1,NA,-2,"1",-2,-2,1,-1
"702","Haifa","female","65+",1,1,1,2,2,1,"0",2,-1,-2,1
"703","Haifa","female","65+",0,0,-2,2,2,-1,"1",1,-2,-1,2
"704","Tel Aviv","male","65+",1,0,-1,2,2,-1,"0",-2,-2,-2,-1
"705","Haifa","female","65+",0,0,NA,-2,2,-1,"2",-2,-2,-2,2
"706","Jerusalem","female","65+",0,0,1,2,2,-1,"0",2,-2,-2,1
"707","Jerusalem","male","65+",0,1,-2,2,-1,-1,"2",-2,1,-2,2
"708","Tel Aviv","male","65+",1,2,1,2,2,-1,"0",2,1,-2,2
"709","Haifa","male","65+",1,1,-2,1,2,-1,"1",2,2,-1,-1
"710","Center","female","65+",NA,-1,-1,NA,NA,2,"2",NA,-1,-1,NA
"711","South","male","65+",0,1,-1,-1,2,-1,"1",1,-1,-1,-1
"712","Tel Aviv","male","65+",1,1,-1,2,2,-1,"0",-2,-2,-1,-2
"713","North","female","65+",0,1,-1,1,1,1,"2",-1,-1,-1,1
"714","Tel Aviv","male","65+",0,1,-2,2,1,-1,"0",NA,-1,-1,1
"715","Center","male","65+",1,0,1,2,2,1,"2",2,2,-2,2
"716","South","male","65+",-1,0,-1,-1,-1,2,"2",2,-2,-1,1
"717","South","male","65+",0,1,-2,2,-1,-1,"1",-1,-1,-2,2
"718","Center","female","65+",-1,1,-2,-1,1,-1,"1",-2,-2,2,-2
"719","Center","male","65+",0,1,-2,2,2,-1,"1",-1,-1,1,-1
"720","Center","female","65+",0,-1,-1,-2,1,1,"1",-2,-2,-2,-2
"721","Haifa","male","65+",0,1,-1,1,1,NA,"1",-1,-1,2,-2
"722","North","male","18-24",-1,0,-1,2,2,-2,"1",2,-1,-2,1
"723","Center","male","25-34",0,1,1,1,2,1,"1",-1,-2,NA,NA
"724","Tel Aviv","male","25-34",0,1,-1,2,1,2,"0",1,-2,-2,-2
"725","Center","male","25-34",NA,1,1,2,1,-2,"0",1,-2,NA,NA
"726","Center","male","25-34",1,1,NA,1,1,2,"0",-1,-1,1,-1
"727","Center","male","25-34",1,1,1,1,2,1,"2",-1,-1,1,-1
"728","Center","male","25-34",0,1,-1,1,2,2,"0",NA,-1,-1,-1
"729","Haifa","male","25-34",0,-1,-1,1,1,2,"1",2,1,-1,1
"730","Center","male","35-44",0,1,-1,1,1,2,"1",1,-2,2,-2
"731","Center","female","35-44",1,1,-1,2,2,2,"0",2,1,2,2
"732","Haifa","female","35-44",-2,1,-1,2,2,NA,"2",2,-1,2,-1
"733","Haifa","female","35-44",0,0,-1,1,2,2,"2",-2,1,-2,2
"734","Center","female","35-44",0,1,-1,1,1,2,"2",2,-1,-1,1
"735","Tel Aviv","female","35-44",0,0,1,2,2,1,"2",2,NA,2,2
"736","Haifa","female","35-44",-1,-1,-2,-2,-2,-1,"1",2,1,1,1
"737","Judea and Samaria","female","35-44",-1,1,-2,2,2,-2,"2",2,2,-1,-2
"738","Center","female","35-44",0,1,-1,2,2,1,"2",1,NA,-1,1
"739","Center","female","35-44",1,1,-1,2,2,-1,"1",2,NA,2,-2
"740","Center","female","35-44",0,1,-1,2,2,1,"2",2,NA,NA,NA
"741","Jerusalem","male","35-44",-1,0,1,2,2,1,"1",2,-2,1,-1
"742","Center","male","35-44",0,0,-1,1,-1,-1,"0",-1,1,-1,-1
"743","Tel Aviv","male","35-44",0,0,-1,1,1,1,"2",2,1,1,-1
"744","Center","male","35-44",0,1,1,NA,2,1,"1",NA,NA,NA,NA
"745","Center","female","35-44",1,2,1,2,2,1,"1",-1,1,2,-2
"746","Jerusalem","female","35-44",0,1,2,1,1,1,"2",2,1,1,-1
"747","Tel Aviv","female","35-44",0,0,1,2,1,2,"2",2,-2,-2,2
"748","Jerusalem","female","35-44",1,1,-1,2,2,2,"0",1,NA,-2,2
"749","South","female","35-44",NA,NA,-1,1,1,-1,"1",-2,-2,-1,1
"750","North","female","45-54",1,1,1,1,2,2,"2",2,-1,-1,2
"751","Center","male","45-54",0,1,-1,-2,1,2,"1",-2,-1,1,-2
"752","Center","female","45-54",0,0,-1,1,1,1,"1",-2,-1,1,-1
"753","North","female","45-54",0,1,-1,1,1,2,"0",1,-1,-2,2
"754","South","male","45-54",0,0,-2,-2,-1,2,"-1",2,2,2,-2
"755","North","female","45-54",0,1,-1,1,2,2,"2",NA,NA,-2,-2
"756","Center","male","45-54",1,1,-1,2,2,1,"2",1,1,-2,1
"757","Center","female","45-54",1,1,-1,2,2,1,"2",-1,1,-2,2
"758","Haifa","female","45-54",0,0,-1,1,2,2,"1",2,-2,-2,2
"759","Center","female","45-54",1,1,2,2,2,1,"2",-2,-2,1,-1
"760","Center","female","45-54",NA,1,-2,1,1,2,"1",-1,1,-1,1
"761","Haifa","female","45-54",0,1,-1,1,1,2,"0",-1,-1,2,1
"762","South","male","45-54",1,2,-1,-1,NA,2,"1",-2,-2,-2,-1
"763","South","female","45-54",1,0,1,1,2,2,"2",2,2,2,2
"764","Tel Aviv","male","45-54",0,0,NA,1,-1,-1,"1",-1,-1,-2,-1
"765","South","female","55-64",1,1,1,1,2,-1,"2",2,-1,-2,NA
"766","Tel Aviv","female","55-64",0,1,-1,1,1,1,"2",-1,-1,-2,2
"767","South","female","55-64",1,1,-1,2,2,2,"2",1,1,-2,-2
"768","Jerusalem","female","55-64",0,0,-2,1,2,2,"2",-2,2,1,-1
"769","Tel Aviv","female","55-64",NA,0,-1,1,2,2,"1",2,2,-2,2
"770","Tel Aviv","female","55-64",-1,NA,-2,2,2,-2,"NA",-1,2,2,-2
"771","South","female","55-64",0,1,1,1,2,2,"1",-2,-1,-1,-2
"772","North","female","55-64",1,1,1,1,2,1,"1",2,1,1,1
"773","Haifa","male","55-64",0,1,-1,NA,2,2,"1",-2,-2,-2,-2
"774","South","female","55-64",0,-1,-1,-2,-1,2,"0",2,2,-1,NA
"775","Tel Aviv","male","55-64",1,0,1,2,2,2,"1",-2,-2,-2,-1
"776","Center","female","55-64",1,1,1,2,2,1,"0",-2,-2,-2,1
"777","Tel Aviv","female","55-64",1,1,-1,2,2,2,"2",2,2,-2,-1
"778","North","male","55-64",1,0,-1,1,1,2,"0",-2,-2,-2,2
"779","South","female","55-64",-1,-1,-2,2,1,2,"2",2,NA,-2,2
"780","Judea and Samaria","male","55-64",1,-1,-2,1,-1,1,"1",-2,2,2,-2
"781","Tel Aviv","female","55-64",0,-1,-1,1,1,2,"1",-2,2,-2,-2
"782","Center","male","55-64",1,0,-1,2,1,2,"1",-2,-2,-1,1
"783","South","female","65+",1,0,NA,-1,2,NA,"2",NA,NA,NA,NA
"784","South","female","65+",0,0,1,1,2,NA,"1",-1,-2,-2,-2
"785","Tel Aviv","male","65+",1,0,-1,1,1,1,"1",1,-1,1,1
"786","Tel Aviv","female","65+",0,1,-1,1,1,-2,"1",1,-2,-2,2
"787","Haifa","female","65+",1,1,1,2,2,2,"1",-2,-2,1,-1
"788","Haifa","male","65+",1,0,1,1,2,1,"2",-1,-2,-2,2
"789","North","female","65+",1,1,2,2,2,2,"0",2,2,-1,-1
"790","South","female","65+",0,0,-1,-1,2,2,"0",2,NA,-1,1
"791","Judea and Samaria","male","65+",1,1,-1,1,1,2,"2",-1,-1,1,-1
"792","Center","female","65+",1,1,1,1,1,1,"1",2,1,-1,2
"793","Haifa","female","65+",0,-1,-1,2,2,2,"0",-2,-2,-2,2
"794","South","female","65+",1,1,-2,1,-1,NA,"0",1,-2,1,1
"795","Tel Aviv","female","65+",1,1,1,1,2,2,"0",2,1,-2,-1
"796","North","female","65+",1,1,1,1,1,2,"2",-2,NA,-2,2
"797","Center","female","65+",1,1,1,1,2,2,"2",2,2,-2,2
"798","Jerusalem","male","65+",0,-1,-1,-2,-2,-1,"1",-1,1,1,NA
"799","Center","male","65+",1,0,1,1,1,1,"0",-1,-1,1,-1
"800","Jerusalem","male","65+",0,NA,-1,1,-2,2,"1",-2,NA,2,-2
"801","Tel Aviv","female","65+",0,0,-1,2,2,1,"1",-1,-2,-1,1
"802","Jerusalem","male","65+",0,-1,-2,2,2,-1,"1",-1,-1,-2,-1
"803","Center","female","65+",0,1,-1,2,2,2,"0",1,-2,1,-1
"804","Tel Aviv","male","65+",0,0,1,2,2,-1,"0",-1,-1,-1,-1
"805","Center","female","65+",0,0,2,2,2,2,"0",-2,NA,NA,-1
"806","Jerusalem","male","65+",0,0,-1,2,2,2,"0",2,-1,-2,1
"807","Tel Aviv","female","65+",1,1,NA,1,2,1,"0",2,2,-1,-1
"808","Tel Aviv","female","65+",0,1,-1,-1,2,2,"1",2,-2,1,1
"809","Tel Aviv","female","65+",0,1,-1,2,2,2,"2",NA,NA,NA,NA
"810","Tel Aviv","female","65+",1,2,1,1,2,NA,"2",-2,2,2,-2
"811","Jerusalem","female","65+",0,1,-2,2,-1,-2,"2",-2,2,2,-2
"812","North","male","65+",0,NA,1,NA,2,-2,"0",-2,2,-2,2
"813","South","female","65+",1,1,-1,1,1,NA,"1",-2,-2,2,-2
"814","North","male","65+",1,-1,1,2,1,1,"0",-2,NA,2,-2
"815","Center","female","65+",1,2,-1,2,2,2,"0",2,-2,-2,2
"816","South","male","65+",2,1,1,1,1,2,"0",2,-2,-2,2
"817","North","female","18-24",2,2,2,2,1,2,NA,2,2,2,2
"818","North","male","18-24",2,2,2,2,2,2,NA,2,2,1,2
"819","Jerusalem","female","45-54",0,1,1,1,1,2,NA,2,2,1,2
"820","North","male","35-44",2,2,2,2,2,2,NA,2,2,2,2
"821","Jerusalem","female","45-54",2,2,2,2,2,2,NA,2,2,2,2
"822","Haifa","male","35-44",1,1,2,2,1,1,NA,-2,1,-1,-1
"823","North","male","35-44",2,1,1,2,1,2,NA,2,2,2,2
"824","Haifa","male","45-54",2,2,2,2,2,2,NA,2,2,2,2
"825","North","female","45-54",2,2,2,2,2,2,NA,2,2,2,2
"826","North","female","65+",2,2,2,2,2,2,NA,2,2,2,2
"827","Jerusalem","female","45-54",-1,1,2,2,2,2,NA,2,2,2,1
"828","North","female","45-54",2,2,2,2,2,2,NA,2,2,2,2
"829","Center","female","35-44",2,2,2,2,2,2,NA,2,2,2,2
"830","North","female","25-34",2,2,2,2,2,2,NA,2,2,2,2
"831","Jerusalem","male","35-44",1,1,2,2,2,1,NA,2,2,2,2
"832","Jerusalem","male","35-44",0,1,-1,2,-2,1,NA,-1,-2,2,-1
"833","North","female","65+",0,-2,NA,NA,NA,NA,NA,NA,NA,NA,NA
"834","South","female","25-34",1,0,1,-1,-1,-2,NA,NA,-2,-1,-1
"835","South","female","25-34",2,1,-1,-2,2,-2,NA,2,-1,-2,-1
"836","Jerusalem","male","25-34",1,2,1,2,2,1,NA,1,1,1,2
"837","Center","male","25-34",-2,-2,NA,-2,NA,2,NA,NA,-2,-2,2
"838","Haifa","male","18-24",2,1,1,-1,-1,NA,NA,NA,NA,NA,NA
"839","South","female","65+",0,-2,-2,-1,2,-2,NA,-2,-1,1,2
"840","South","female","18-24",1,NA,-2,-1,1,-1,NA,-1,1,2,1
"841","Haifa","female","18-24",1,-1,-2,-1,1,-2,NA,1,2,-2,1
"842","North","female","18-24",1,-1,-2,NA,-2,-1,NA,-1,1,2,-2
"843","South","female","25-34",-1,-2,1,2,1,1,NA,1,2,-2,-1
"844","Haifa","male","25-34",-2,1,-2,-1,-2,-2,"1",-2,1,2,-2
"845","Judea and Samaria","male","35-44",0,2,-1,-2,-2,-2,"1",-2,-1,-2,NA
"846","Tel Aviv","male","25-34",0,-1,-1,-1,2,2,"0",2,1,1,-1
"847","North","female","18-24",1,1,-1,-1,-1,-2,"1",-2,1,1,-2
"848","North","male","35-44",1,1,1,1,2,1,"-1",1,-1,1,1
"849","North","male","55-64",-2,-2,-1,NA,1,2,"1",1,-2,2,-1
"850","Center","male","25-34",1,1,-1,2,-1,-2,"1",-1,-2,1,-2
"851","Haifa","female","45-54",1,0,-1,-1,2,-2,"1",1,1,2,-2
"852","Haifa","female","45-54",0,-1,-2,-2,-2,-2,"1",-2,1,2,-2
"853","North","male","25-34",2,1,-1,1,2,-1,"1",-2,1,-1,-1
"854","Haifa","male","25-34",0,0,-1,2,-1,-1,"1",-2,1,2,-2
"855","North","male","35-44",1,0,-1,1,-2,1,"0",2,-2,2,2
"856","Center","male","18-24",2,1,NA,1,2,2,"1",2,-2,-1,1
"857","North","male","35-44",1,1,-1,1,1,1,"1",1,-2,2,-2
"858","North","male","25-34",0,0,-2,1,2,-2,"1",2,-2,2,-2
"859","North","male","35-44",1,1,1,1,1,-1,"1",-1,-1,2,-2
"860","North","male","18-24",1,-2,1,1,2,2,"NA",-1,-1,-1,1
"861","Center","female","25-34",0,-2,1,2,-2,-2,"1",-2,1,2,-2
"862","South","male","25-34",2,0,1,2,2,-2,"0",1,-1,-1,NA
"863","Center","male","55-64",2,-2,-2,-1,2,NA,"1",NA,NA,-2,NA
"864","North","male","45-54",0,0,-1,-1,1,-1,"1",1,-1,NA,NA
"865","North","male","45-54",-1,1,-1,-1,2,-2,"1",-1,-2,2,-2
"866","Haifa","female","45-54",-2,-1,-2,-2,-2,NA,"1",NA,-1,2,-2
"867","North","male","55-64",-2,-1,-2,1,2,-2,"1",-2,-2,2,-2
"868","North","male","55-64",1,1,NA,1,2,-1,"1",-1,NA,2,-2
"869","North","male","55-64",0,1,-1,-2,1,-1,"1",2,-2,-1,1
"870","Haifa","male","35-44",2,2,-1,1,1,-2,"1",-2,-1,2,-2
"871","North","male","25-34",-2,0,1,1,2,-1,"1",2,-2,2,-2
"872","North","male","25-34",1,1,1,-1,2,-2,"1",-2,-2,2,-2
"873","North","male","25-34",2,1,1,2,2,2,"0",1,2,2,1
"874","North","male","55-64",1,1,-1,1,2,NA,"0",2,-2,NA,NA
"875","North","male","35-44",0,0,-1,-1,1,-2,"1",2,-1,2,-2
"876","North","male","18-24",0,0,-2,-2,-2,-2,NA,-2,-2,2,-2
"877","North","male","18-24",1,0,2,2,1,1,NA,-1,-2,1,1
"878","Jerusalem","female","18-24",-1,0,-2,-2,-2,-2,NA,-1,-2,2,-2
"879","North","female","45-54",-1,1,NA,NA,NA,-1,NA,1,-1,2,2
"880","North","male","55-64",1,1,-1,2,2,2,NA,1,-1,1,-1
"881","Center","female","45-54",1,2,-1,1,1,-1,NA,1,1,2,2
"882","Center","female","18-24",-1,0,1,-1,-1,2,NA,NA,-1,2,-2
"883","Jerusalem","male","35-44",1,0,-1,2,1,-2,NA,1,1,-1,2
"884","Jerusalem","female","18-24",1,2,1,1,1,1,NA,2,1,1,1
"885","Haifa","male","55-64",2,0,1,1,-1,-2,NA,-1,-2,1,-1
"886","Jerusalem","female","65+",NA,0,-2,-2,-2,1,NA,NA,2,2,-2
"887","Jerusalem","female","55-64",1,-2,-1,-1,1,-1,NA,2,-1,-2,-2
"888","North","male","18-24",-2,0,1,-1,-1,-2,NA,2,-2,2,-2
"889","North","male","45-54",-2,-2,-2,1,-2,-2,NA,NA,-2,-2,NA
"890","Haifa","male","18-24",0,0,1,2,1,NA,NA,NA,-2,2,-1
"891","Jerusalem","female","35-44",-1,-2,-2,1,-2,-2,NA,NA,2,NA,-2
"892","North","female","55-64",2,1,1,1,1,1,NA,1,1,1,2
"893","North","female","55-64",0,0,2,1,-1,-1,NA,-2,1,NA,NA
"894","Jerusalem","male","35-44",1,1,1,-1,2,1,NA,-1,2,-2,2
"895","North","female","55-64",0,NA,1,NA,-2,-2,NA,-2,2,-2,-1
"896","Haifa","male","25-34",0,1,-1,1,1,1,NA,-2,-1,-1,1
"897","North","male","18-24",1,0,2,2,-1,2,NA,-1,-1,-1,-2
"898","Center","male","55-64",0,1,1,1,1,2,NA,1,1,-2,2
"899","North","male","35-44",1,1,1,1,1,-1,NA,-1,2,1,-2
"900","North","male","55-64",2,NA,NA,-2,-2,-2,NA,1,2,-2,1
"901","Haifa","female","18-24",1,1,-1,1,2,1,NA,-1,-1,1,1
"902","Haifa","female","18-24",2,0,1,2,1,1,NA,-2,1,-1,2
"903","North","male","65+",1,1,1,1,2,1,NA,-1,-2,1,-1
"904","North","male","45-54",2,1,1,1,2,1,NA,-1,1,1,1
"905","Haifa","male","35-44",2,1,1,-1,-1,-2,NA,-1,-2,-1,-2
"906","Haifa","female","45-54",-2,-2,-1,-2,-2,1,NA,NA,-2,-1,1
"907","Tel Aviv","male","18-24",2,2,2,2,2,2,NA,1,2,-1,1
"908","Jerusalem","female","55-64",1,1,1,1,2,1,NA,1,1,-2,1
"909","Haifa","male","45-54",2,0,2,1,1,-1,NA,1,-1,1,1
"910","North","female","25-34",-2,-2,-1,1,2,-1,NA,-2,-2,1,-1
"911","Jerusalem","female","18-24",2,2,2,2,2,2,NA,1,2,2,2
"912","North","female","45-54",1,1,-1,1,1,1,NA,1,-1,1,-1
"913","Center","female","45-54",0,1,-2,-2,NA,-2,NA,-2,1,1,1
"914","Haifa","male","18-24",2,2,2,2,1,2,NA,1,2,-1,2
"915","North","male","18-24",-2,-2,NA,-1,-2,-2,NA,-2,-2,-2,-2
"916","North","male","25-34",2,1,1,1,1,1,NA,-1,1,-1,-1
"917","North","female","25-34",0,1,1,-1,2,1,NA,NA,-1,2,-1
"918","North","male","25-34",0,NA,-2,-2,-2,-2,NA,2,NA,2,-2
"919","Jerusalem","female","35-44",0,0,1,-1,1,-1,NA,NA,-1,NA,NA
"920","North","male","18-24",1,2,-1,2,-1,2,NA,2,-1,2,2
"921","North","male","35-44",0,1,-1,NA,1,-1,NA,-1,-2,1,-1
"922","North","male","25-34",1,0,NA,-2,-2,2,NA,NA,-2,2,NA
"923","North","female","25-34",0,0,1,NA,1,2,NA,NA,-1,-1,1
"924","North","female","35-44",-1,1,1,1,1,1,NA,-2,2,2,1
"925","North","male","25-34",2,1,2,1,2,1,NA,-1,1,1,NA
"926","Haifa","female","35-44",0,0,1,1,1,-1,NA,NA,-1,1,-1
"927","North","male","45-54",-1,0,-1,-1,-2,-2,NA,NA,NA,NA,-2
"928","Center","female","18-24",2,2,-1,2,2,2,NA,2,-1,1,1
"929","North","male","25-34",-2,-2,-2,2,-2,1,NA,-2,-2,1,-2
"930","North","female","25-34",0,0,1,1,1,1,NA,-1,-2,2,2
"931","North","male","25-34",1,1,-1,2,1,-1,NA,2,-1,1,1
"932","Jerusalem","male","45-54",-1,-1,-2,-2,-2,-2,NA,NA,1,NA,NA
"933","North","female","25-34",-2,2,-2,-2,-2,-2,NA,NA,2,-2,-2
"934","North","female","35-44",0,1,-1,1,1,-2,NA,-1,-1,-1,NA
"935","North","male","35-44",0,0,1,2,1,2,NA,1,2,-1,1
"936","Haifa","female","35-44",0,0,1,-2,2,-1,NA,NA,-1,NA,NA
"937","North","male","35-44",-2,-1,NA,-2,-2,-2,NA,2,-1,-1,-1
"938","North","male","18-24",1,1,1,2,1,-1,NA,-1,1,1,1
"939","North","male","45-54",1,-1,-1,1,1,-2,NA,1,1,1,1
"940","North","male","35-44",1,0,1,1,-2,1,NA,1,1,-1,1
"941","South","female","18-24",1,0,-1,1,1,-1,NA,-2,-1,NA,NA
"942","North","female","35-44",-2,-2,NA,-2,-2,-2,NA,-2,-2,-2,-1
"943","North","male","35-44",1,2,1,1,1,1,NA,-1,-1,1,-1
"944","North","female","25-34",1,2,1,1,1,-1,NA,-1,1,1,2
"945","Jerusalem","female","25-34",0,-2,-2,-2,-1,-1,NA,NA,-2,-2,-2
"946","Haifa","male","18-24",2,1,1,1,1,1,NA,1,1,-1,1
"947","North","male","65+",1,1,1,-1,-1,-1,NA,1,-1,1,-1
"948","Haifa","male","25-34",0,-1,NA,-2,-2,-2,NA,-2,-2,-1,-1
"949","Jerusalem","female","35-44",0,1,1,1,1,NA,NA,-1,-1,NA,-2
"950","Center","male","35-44",1,-1,2,1,-1,1,NA,2,-1,2,-1
"951","Jerusalem","male","25-34",0,1,-1,-1,1,-1,NA,NA,-1,-2,-1
"952","Haifa","male","35-44",2,1,-1,1,-1,1,NA,-1,-1,-1,-2
"953","South","male","18-24",1,1,1,1,1,-2,NA,2,NA,1,1
"954","North","male","18-24",2,2,2,2,2,2,NA,-2,-1,-1,-1
"955","Jerusalem","male","65+",0,0,-1,-1,-1,-1,NA,-1,-1,-1,-1
"956","Jerusalem","female","65+",0,1,NA,-2,1,NA,NA,-1,-1,-1,-1
"957","South","female","25-34",-2,-1,-1,1,2,-2,NA,1,2,1,-1
"958","South","female","25-34",1,-2,-1,1,2,-2,NA,1,2,1,-1
"959","South","female","18-24",1,2,-1,1,2,-2,NA,-1,1,2,1
"960","Center","female","25-34",1,-1,-2,-1,1,-1,NA,-1,-2,-1,1
"961","North","female","55-64",-1,2,-1,-1,-2,-2,NA,NA,1,2,-2
"962","Center","male","25-34",1,0,2,1,-1,2,NA,-1,1,-1,1
"963","Jerusalem","male","25-34",1,-1,-1,-1,-2,-2,NA,2,NA,2,2
"964","Center","male","35-44",1,1,1,2,1,1,NA,-1,2,1,1
"965","North","female","25-34",1,0,1,1,1,-1,NA,-1,1,-2,-2
"966","North","male","45-54",0,0,2,1,1,2,NA,-1,1,2,1
"967","Center","female","18-24",2,1,2,-2,2,2,NA,1,2,2,2
"968","North","male","45-54",2,1,-1,-2,1,1,NA,-1,NA,-2,-2
"969","North","male","45-54",1,0,-1,-1,2,-1,NA,-1,1,1,2
"970","Haifa","male","45-54",1,1,1,1,-1,-1,NA,1,-2,-1,-2
"971","North","male","45-54",1,1,1,1,1,1,NA,1,2,-2,-1
"972","Jerusalem","female","25-34",2,1,-1,2,1,2,NA,2,1,-1,2
"973","Haifa","male","18-24",0,-1,-2,-1,-2,-1,NA,-2,-1,1,-1
"974","North","male","65+",0,2,1,-1,1,-1,NA,-1,-1,-1,1
"975","Jerusalem","female","25-34",0,0,-1,-1,-1,-1,NA,-1,-1,-1,-1
"976","South","female","25-34",1,0,-2,-1,1,-1,NA,-1,1,2,1
"977","North","male","18-24",1,1,1,-1,2,-2,NA,-2,-2,-2,-2
"978","North","male","55-64",2,2,2,1,1,1,NA,-2,NA,-2,NA
"979","Haifa","male","35-44",1,0,-1,-1,-2,-1,NA,NA,1,1,-2
"980","Center","male","18-24",2,1,2,2,1,1,NA,2,-2,2,1
"981","North","female","45-54",-1,1,2,1,1,1,NA,1,1,1,-1
"982","North","male","55-64",1,0,1,2,1,-1,NA,-1,-2,2,-2
"983","North","female","65+",0,1,1,-1,1,2,NA,-1,-1,1,-1
"984","North","male","45-54",1,1,1,1,1,1,NA,-2,-2,-1,1
"985","North","female","18-24",0,1,1,1,1,-2,NA,NA,-2,2,2
"986","North","female","45-54",1,-1,-1,1,-1,-1,NA,-2,-1,1,-1
"987","Center","male","18-24",2,2,1,1,2,-2,NA,1,-1,1,-1
"988","Haifa","female","35-44",0,0,-1,-1,-1,-1,NA,-2,-2,-2,-2
"989","Jerusalem","female","25-34",-2,-1,-1,1,2,-2,NA,1,2,1,-1
"990","Center","male","45-54",0,1,-2,1,-1,-2,"1",2,-2,2,-2
"991","South","male","35-44",-1,0,-1,-1,1,1,"2",2,-2,-2,2
"992","North","female","18-24",0,0,-1,1,2,1,"1",-1,-1,-2,1
"993","Jerusalem","male","35-44",1,1,-2,2,-2,-1,"2",-2,-1,-2,1
"994","North","female","35-44",1,1,-1,1,2,-1,"1",-1,-1,1,-1
"995","Haifa","male","45-54",1,2,NA,-1,NA,2,"1",-2,1,2,-2
"996","Center","female","35-44",1,1,-1,1,1,1,"1",-1,1,-1,NA
"997","Tel Aviv","male","25-34",-1,0,1,1,2,1,"1",1,NA,NA,NA
"998","Haifa","female","45-54",0,1,-1,2,2,2,"2",NA,NA,NA,NA
"999","Tel Aviv","female","45-54",0,1,1,1,2,2,"0",1,-1,1,1
"1000","North","female","55-64",1,1,1,1,2,2,"NA",NA,NA,NA,NA
"1001","Haifa","female","65+",2,2,1,1,2,2,"0",1,1,-1,NA
"1002","Haifa","male","25-34",NA,0,1,-2,NA,-1,NA,NA,1,1,-2
"1003","Haifa","male","35-44",0,0,-1,-1,-1,-1,NA,1,-1,1,-1
"1004","North","female","65+",0,0,-1,-1,-1,-1,NA,-1,-1,-1,-1
"1005","Center","female","35-44",NA,NA,NA,NA,NA,NA,NA,NA,NA,NA,NA
"1006","Jerusalem","female","35-44",0,-1,NA,NA,NA,NA,NA,NA,NA,NA,NA
"1007","Jerusalem","female","35-44",0,0,-1,-1,-1,-1,NA,-2,-1,-1,-1
"1008","Center","female","35-44",-2,-1,-1,-1,-1,-1,NA,NA,NA,NA,NA
